DeviceTag: Movella DOT0,FirmwareVersion: 3.0.0,AppVersion: 2023.6.0,SyncStatus: Unknown (Synced/Un-synced),OutputRate: 60,FilterProfile: Unknown,Measurement Mode: Sensor fusion Mode - Extended (Euler),StartTime: 2026-04-02 15:07:02.979,© Movella Technologies B.V. 2005-2026
SampleTimeFine,Quat_W,Quat_X,Quat_Y,Quat_Z,FreeAcc_X,FreeAcc_Y,FreeAcc_Z,Status
12564448,0.3042,0.0097,0.0022,-0.9526,-0.0072,0.0106,-0.2964,0
12564615,0.3042,0.0097,0.0021,-0.9526,0.0006,-0.0083,-0.2733,0
12564782,0.3041,0.0096,0.0020,-0.9526,-0.0046,0.0120,-0.3178,0
12564948,0.3041,0.0096,0.0020,-0.9526,0.0011,0.0022,-0.2593,0
12565115,0.3041,0.0095,0.0019,-0.9526,-0.0099,0.0066,-0.3086,0
12565282,0.3040,0.0095,0.0018,-0.9526,-0.0045,0.0173,-0.2869,0
12565448,0.3040,0.0094,0.0018,-0.9526,0.0001,0.0102,-0.2678,0
12565615,0.3040,0.0094,0.0017,-0.9526,0.0019,0.0115,-0.2814,0
12565782,0.3040,0.0094,0.0017,-0.9526,-0.0045,0.0192,-0.2920,0
12565948,0.3040,0.0093,0.0017,-0.9526,0.0011,0.0126,-0.2767,0
12566115,0.3040,0.0093,0.0016,-0.9526,0.0023,0.0178,-0.2876,0
12566282,0.3039,0.0093,0.0016,-0.9526,0.0015,0.0149,-0.2915,0
12566449,0.3039,0.0093,0.0015,-0.9527,-0.0074,0.0230,-0.2959,0
12566615,0.3039,0.0093,0.0014,-0.9527,-0.0026,0.0049,-0.2821,0
12566782,0.3039,0.0092,0.0014,-0.9526,0.0082,0.0191,-0.2723,0
12566949,0.3041,0.0092,0.0013,-0.9526,0.0087,0.0229,-0.2739,0
12567115,0.3041,0.0092,0.0012,-0.9526,-0.0032,0.0293,-0.2922,0
12567282,0.3042,0.0092,0.0012,-0.9526,-0.0064,0.0157,-0.2954,0
12567449,0.3042,0.0092,0.0011,-0.9526,-0.0023,0.0138,-0.2910,0
12567615,0.3046,0.0091,0.0010,-0.9524,-0.0132,0.0302,-0.2943,0
12567782,0.3047,0.0091,0.0010,-0.9524,-0.0040,0.0231,-0.2974,0
12567949,0.3047,0.0091,0.0009,-0.9524,-0.0124,0.0305,-0.2817,0
12568115,0.3046,0.0090,0.0008,-0.9524,0.0002,0.0329,-0.2957,0
12568282,0.3036,0.0090,0.0007,-0.9527,-0.0156,0.0113,-0.2955,0
12568449,0.3037,0.0090,0.0007,-0.9527,-0.0054,0.0316,-0.2946,0
12568615,0.3036,0.0090,0.0006,-0.9528,0.0002,0.0267,-0.2751,0
12568782,0.3037,0.0089,0.0005,-0.9527,0.0021,0.0379,-0.2700,0
12568949,0.3036,0.0089,0.0004,-0.9528,-0.0001,0.0491,-0.2790,0
12569115,0.3043,0.0089,0.0004,-0.9525,0.0045,0.0304,-0.2805,0
12569282,0.3043,0.0088,0.0003,-0.9525,-0.0004,0.0368,-0.2646,0
12569449,0.3040,0.0088,0.0002,-0.9526,-0.0081,0.0378,-0.3008,0
12569615,0.3041,0.0088,0.0002,-0.9526,-0.0081,0.0328,-0.3100,0
12569782,0.3045,0.0088,0.0001,-0.9525,-0.0115,0.0450,-0.2740,0
12569949,0.3045,0.0087,0.0000,-0.9525,-0.0038,0.0478,-0.2776,0
12570115,0.3047,0.0087,-0.0001,-0.9524,-0.0021,0.0402,-0.2767,0
12570282,0.3049,0.0087,-0.0001,-0.9524,0.0043,0.0478,-0.3125,0
12570449,0.3047,0.0087,-0.0002,-0.9524,-0.0038,0.0526,-0.2833,0
12570615,0.3046,0.0086,-0.0003,-0.9524,-0.0028,0.0543,-0.2839,0
12570782,0.3045,0.0086,-0.0003,-0.9525,-0.0115,0.0518,-0.2873,0
12570949,0.3048,0.0086,-0.0004,-0.9524,-0.0188,0.0642,-0.2850,0
12571115,0.3051,0.0086,-0.0005,-0.9523,-0.0045,0.0620,-0.2845,0
12571282,0.3050,0.0086,-0.0006,-0.9523,-0.0122,0.0606,-0.2845,0
12571449,0.3060,0.0085,-0.0006,-0.9520,0.0047,0.0700,-0.3100,0
12571615,0.3061,0.0085,-0.0007,-0.9520,-0.0062,0.0593,-0.3089,0
12571782,0.3063,0.0085,-0.0008,-0.9519,0.0067,0.0596,-0.2975,0
12571949,0.3061,0.0084,-0.0008,-0.9519,0.0084,0.0645,-0.2986,0
12572115,0.3057,0.0084,-0.0009,-0.9521,-0.0022,0.0669,-0.2840,0
12572282,0.3057,0.0084,-0.0010,-0.9521,0.0051,0.0760,-0.3154,0
12572449,0.3053,0.0084,-0.0010,-0.9522,0.0011,0.0663,-0.2943,0
12572615,0.3057,0.0083,-0.0011,-0.9521,0.0039,0.0617,-0.2856,0
12572782,0.3054,0.0083,-0.0012,-0.9522,-0.0069,0.0683,-0.2878,0
12572949,0.3053,0.0083,-0.0012,-0.9522,0.0107,0.0792,-0.2809,0
12573115,0.3040,0.0083,-0.0013,-0.9526,-0.0087,0.0708,-0.2835,0
12573282,0.3037,0.0083,-0.0014,-0.9527,-0.0023,0.0698,-0.2966,0
12573449,0.3038,0.0082,-0.0015,-0.9527,-0.0068,0.0843,-0.2850,0
12573615,0.3037,0.0082,-0.0015,-0.9527,-0.0010,0.0809,-0.2925,0
12573782,0.3044,0.0082,-0.0016,-0.9525,-0.0098,0.0885,-0.3046,0
12573949,0.3043,0.0082,-0.0016,-0.9526,0.0082,0.0857,-0.2954,0
12574115,0.3032,0.0081,-0.0017,-0.9529,0.0062,0.0808,-0.2782,0
12574282,0.3032,0.0081,-0.0018,-0.9529,-0.0096,0.0822,-0.2674,0
12574449,0.3032,0.0081,-0.0018,-0.9529,0.0095,0.0862,-0.2865,0
12574615,0.3028,0.0081,-0.0019,-0.9530,-0.0014,0.0845,-0.3012,0
12574782,0.3028,0.0081,-0.0020,-0.9530,0.0023,0.0836,-0.2956,0
12574949,0.3035,0.0080,-0.0020,-0.9528,0.0083,0.0964,-0.2948,0
12575115,0.3035,0.0080,-0.0021,-0.9528,-0.0016,0.0873,-0.2680,0
12575282,0.3034,0.0080,-0.0022,-0.9528,0.0032,0.0994,-0.2945,0
12575449,0.3036,0.0080,-0.0022,-0.9528,0.0051,0.0885,-0.2644,0
12575615,0.3038,0.0080,-0.0023,-0.9527,0.0090,0.1034,-0.2907,0
12575782,0.3037,0.0079,-0.0024,-0.9527,-0.0214,0.0965,-0.3066,0
12575949,0.3036,0.0079,-0.0024,-0.9527,0.0105,0.0926,-0.2948,0
12576115,0.3032,0.0079,-0.0025,-0.9529,0.0127,0.0929,-0.2837,0
12576282,0.3024,0.0079,-0.0026,-0.9532,-0.0083,0.1000,-0.2949,0
12576449,0.3022,0.0079,-0.0026,-0.9532,0.0005,0.0995,-0.2998,0
12576615,0.3017,0.0078,-0.0027,-0.9534,0.0003,0.0966,-0.2717,0
12576782,0.3011,0.0078,-0.0028,-0.9536,-0.0067,0.1055,-0.2944,0
12576949,0.3017,0.0078,-0.0028,-0.9534,-0.0065,0.1051,-0.2636,0
12577115,0.3035,0.0078,-0.0029,-0.9528,0.0025,0.0993,-0.2861,0
12577282,0.3035,0.0078,-0.0029,-0.9528,-0.0102,0.1277,-0.2759,0
12577449,0.3030,0.0077,-0.0030,-0.9529,0.0001,0.1005,-0.2844,0
12577615,0.3033,0.0077,-0.0031,-0.9529,0.0074,0.1082,-0.2966,0
12577782,0.3033,0.0077,-0.0031,-0.9529,0.0054,0.1132,-0.2912,0
12577949,0.3034,0.0077,-0.0032,-0.9528,-0.0025,0.1167,-0.2777,0
12578115,0.3033,0.0077,-0.0032,-0.9529,0.0026,0.1166,-0.2883,0
12578282,0.3022,0.0076,-0.0033,-0.9532,-0.0085,0.1128,-0.2942,0
12578449,0.3012,0.0076,-0.0034,-0.9535,-0.0020,0.1204,-0.2985,0
12578615,0.3009,0.0076,-0.0034,-0.9536,0.0015,0.1111,-0.2967,0
12578782,0.3007,0.0076,-0.0035,-0.9537,0.0047,0.1086,-0.3016,0
12578949,0.3005,0.0075,-0.0035,-0.9538,-0.0006,0.1105,-0.2939,0
12579115,0.3006,0.0075,-0.0036,-0.9537,-0.0027,0.1176,-0.2980,0
12579282,0.3000,0.0075,-0.0036,-0.9539,0.0028,0.1116,-0.2950,0
12579449,0.2995,0.0075,-0.0037,-0.9541,-0.0035,0.1088,-0.2991,0
12579615,0.2989,0.0075,-0.0038,-0.9543,0.0045,0.1195,-0.2823,0
12579782,0.2994,0.0075,-0.0038,-0.9541,0.0068,0.1199,-0.3086,0
12579949,0.2991,0.0075,-0.0039,-0.9542,-0.0117,0.1264,-0.2776,0
12580115,0.2989,0.0074,-0.0039,-0.9542,0.0098,0.1253,-0.2976,0
12580282,0.2990,0.0074,-0.0040,-0.9542,0.0001,0.1169,-0.2897,0
12580449,0.2990,0.0074,-0.0040,-0.9542,-0.0114,0.1225,-0.2961,0
12580615,0.2993,0.0074,-0.0041,-0.9541,0.0018,0.1334,-0.2818,0
12580782,0.2983,0.0073,-0.0041,-0.9544,0.0059,0.1409,-0.3035,0
12580949,0.2983,0.0073,-0.0042,-0.9544,-0.0072,0.1369,-0.2970,0
12581115,0.2986,0.0073,-0.0042,-0.9544,0.0060,0.1232,-0.3139,0
12581282,0.2986,0.0073,-0.0043,-0.9544,0.0199,0.1260,-0.2913,0
12581449,0.2987,0.0072,-0.0043,-0.9543,0.0009,0.1340,-0.3166,0
12581615,0.2988,0.0072,-0.0043,-0.9543,-0.0050,0.1355,-0.2891,0
12581782,0.2987,0.0072,-0.0044,-0.9543,-0.0009,0.1279,-0.2583,0
12581949,0.2995,0.0072,-0.0044,-0.9540,0.0103,0.1453,-0.3023,0
12582115,0.2991,0.0072,-0.0045,-0.9542,0.0148,0.1442,-0.2617,0
12582282,0.2989,0.0072,-0.0045,-0.9542,-0.0029,0.1424,-0.3052,0
12582449,0.2989,0.0071,-0.0046,-0.9542,-0.0072,0.1508,-0.2784,0
12582615,0.2989,0.0071,-0.0046,-0.9543,0.0068,0.1426,-0.3015,0
12582782,0.2991,0.0071,-0.0046,-0.9542,0.0153,0.1289,-0.2863,0
12582949,0.2990,0.0071,-0.0047,-0.9542,0.0004,0.1521,-0.2950,0
12583116,0.2988,0.0071,-0.0047,-0.9543,0.0106,0.1322,-0.2721,0
12583282,0.2991,0.0071,-0.0047,-0.9542,-0.0026,0.1497,-0.3198,0
12583449,0.2991,0.0071,-0.0048,-0.9542,-0.0043,0.1415,-0.2818,0
12583616,0.2986,0.0071,-0.0048,-0.9543,-0.0048,0.1450,-0.3104,0
12583782,0.2990,0.0070,-0.0048,-0.9542,0.0018,0.1353,-0.2707,0
12583949,0.2990,0.0070,-0.0049,-0.9542,0.0028,0.1465,-0.3030,0
12584116,0.2990,0.0070,-0.0049,-0.9542,-0.0006,0.1466,-0.2939,0
12584282,0.3026,0.0094,0.0024,-0.9531,0.0066,0.0093,-0.2986,0
12584449,0.3026,0.0094,0.0024,-0.9531,0.0094,0.0015,-0.2737,0
12584616,0.3026,0.0094,0.0024,-0.9531,-0.0025,0.0024,-0.2790,0
12584782,0.3026,0.0094,0.0024,-0.9531,-0.0030,0.0121,-0.2792,0
12584949,0.3026,0.0094,0.0024,-0.9531,0.0027,-0.0085,-0.2821,0
12585116,0.3026,0.0094,0.0024,-0.9531,0.0070,0.0021,-0.3005,0
12585282,0.3026,0.0093,0.0024,-0.9531,0.0001,-0.0073,-0.3052,0
12585449,0.3026,0.0093,0.0024,-0.9531,0.0040,0.0135,-0.2850,0
12585616,0.3026,0.0093,0.0024,-0.9531,-0.0074,-0.0064,-0.2997,0
12585782,0.3026,0.0093,0.0024,-0.9531,-0.0091,0.0052,-0.2882,0
12585949,0.3027,0.0093,0.0024,-0.9531,-0.0069,0.0182,-0.2956,0
12586116,0.3027,0.0093,0.0024,-0.9531,-0.0015,-0.0009,-0.2787,0
12586282,0.3027,0.0093,0.0024,-0.9531,0.0061,-0.0026,-0.2826,0
12586449,0.3027,0.0093,0.0024,-0.9531,-0.0103,0.0066,-0.2794,0
12586616,0.3027,0.0093,0.0024,-0.9530,-0.0071,0.0153,-0.2954,0
12586782,0.3027,0.0093,0.0024,-0.9530,-0.0032,0.0055,-0.2827,0
12586949,0.3027,0.0093,0.0024,-0.9530,0.0088,0.0042,-0.2975,0
12587116,0.3027,0.0093,0.0024,-0.9531,0.0066,0.0109,-0.2900,0
12587282,0.3027,0.0093,0.0024,-0.9531,-0.0052,-0.0061,-0.2770,0
12587449,0.3027,0.0093,0.0024,-0.9531,0.0073,0.0019,-0.2943,0
12587616,0.3027,0.0093,0.0024,-0.9531,-0.0032,0.0047,-0.2752,0
12587782,0.3027,0.0093,0.0024,-0.9531,0.0062,0.0134,-0.2862,0
12587949,0.3027,0.0093,0.0024,-0.9531,0.0008,-0.0012,-0.3104,0
12588116,0.3027,0.0093,0.0024,-0.9531,-0.0014,-0.0070,-0.2839,0
12588282,0.3026,0.0093,0.0024,-0.9531,0.0098,-0.0012,-0.2754,0
12588449,0.3027,0.0093,0.0024,-0.9531,0.0008,-0.0012,-0.2887,0
12588616,0.3027,0.0093,0.0024,-0.9530,0.0064,-0.0010,-0.2958,0
12588782,0.3027,0.0093,0.0024,-0.9530,0.0124,-0.0051,-0.2910,0
12588949,0.3027,0.0093,0.0024,-0.9530,0.0003,0.0046,-0.2858,0
12589116,0.3027,0.0093,0.0024,-0.9530,0.0058,0.0076,-0.2966,0
12589282,0.3027,0.0093,0.0024,-0.9530,0.0047,0.0087,-0.2744,0
12589449,0.3027,0.0093,0.0024,-0.9531,0.0024,0.0069,-0.2893,0
12589616,0.3027,0.0093,0.0024,-0.9530,0.0084,0.0013,-0.2691,0
12589782,0.3027,0.0093,0.0024,-0.9530,0.0117,-0.0020,-0.2952,0
12589949,0.3027,0.0093,0.0024,-0.9531,0.0102,0.0016,-0.2971,0
12590116,0.3026,0.0093,0.0024,-0.9531,-0.0082,0.0088,-0.2918,0
12590282,0.3026,0.0093,0.0024,-0.9531,-0.0016,-0.0042,-0.2813,0
12590449,0.3026,0.0093,0.0024,-0.9531,0.0090,0.0014,-0.2907,0
12590616,0.3026,0.0093,0.0024,-0.9531,0.0123,0.0046,-0.2766,0
12590782,0.3026,0.0093,0.0024,-0.9531,-0.0089,-0.0042,-0.2747,0
12590949,0.3028,0.0093,0.0024,-0.9530,0.0037,-0.0026,-0.2934,0
12591116,0.3028,0.0093,0.0024,-0.9530,0.0046,0.0012,-0.2970,0
12591282,0.3029,0.0093,0.0024,-0.9530,0.0086,-0.0004,-0.2966,0
12591449,0.3026,0.0093,0.0024,-0.9531,-0.0020,-0.0047,-0.3061,0
12591616,0.3027,0.0093,0.0024,-0.9530,0.0031,0.0026,-0.2785,0
12591782,0.3027,0.0093,0.0024,-0.9531,0.0042,-0.0094,-0.2870,0
12591949,0.3027,0.0093,0.0024,-0.9530,0.0032,0.0089,-0.2846,0
12592116,0.3027,0.0093,0.0024,-0.9531,-0.0018,-0.0116,-0.2916,0
12592282,0.3025,0.0093,0.0024,-0.9531,-0.0022,-0.0014,-0.2921,0
12592449,0.3024,0.0093,0.0025,-0.9531,-0.0019,-0.0076,-0.2833,0
12592616,0.3027,0.0093,0.0025,-0.9530,0.0042,0.0052,-0.2864,0
12592782,0.3026,0.0093,0.0025,-0.9531,0.0099,0.0044,-0.2778,0
12592949,0.3027,0.0093,0.0025,-0.9530,0.0080,0.0074,-0.2831,0
12593116,0.3027,0.0093,0.0025,-0.9530,0.0044,-0.0063,-0.2648,0
12593282,0.3029,0.0093,0.0025,-0.9530,-0.0031,0.0104,-0.2843,0
12593449,0.3029,0.0093,0.0025,-0.9530,0.0056,0.0070,-0.2698,0
12593616,0.3029,0.0093,0.0025,-0.9530,0.0114,0.0042,-0.2916,0
12593782,0.3029,0.0093,0.0025,-0.9530,-0.0021,0.0058,-0.2789,0
12593949,0.3028,0.0093,0.0025,-0.9530,0.0064,0.0152,-0.2911,0
12594116,0.3027,0.0093,0.0025,-0.9530,0.0084,0.0105,-0.2741,0
12594282,0.3028,0.0093,0.0025,-0.9530,0.0143,0.0004,-0.2702,0
12594449,0.3028,0.0093,0.0025,-0.9530,-0.0010,0.0139,-0.2772,0
12594616,0.3028,0.0093,0.0025,-0.9530,-0.0008,-0.0045,-0.3112,0
12594782,0.3029,0.0093,0.0025,-0.9530,-0.0027,0.0026,-0.2972,0
12594949,0.3027,0.0093,0.0025,-0.9530,0.0030,0.0024,-0.2812,0
12595116,0.3027,0.0093,0.0025,-0.9531,0.0007,-0.0026,-0.3002,0
12595282,0.3029,0.0093,0.0025,-0.9530,0.0152,-0.0062,-0.2759,0
12595449,0.3030,0.0092,0.0025,-0.9530,0.0008,-0.0009,-0.2794,0
12595616,0.3031,0.0092,0.0025,-0.9529,0.0186,-0.0022,-0.2677,0
12595782,0.3031,0.0092,0.0025,-0.9529,0.0029,0.0072,-0.2911,0
12595949,0.3032,0.0093,0.0025,-0.9529,-0.0111,0.0093,-0.2715,0
12596116,0.3032,0.0093,0.0025,-0.9529,0.0035,-0.0017,-0.2703,0
12596282,0.3033,0.0093,0.0025,-0.9529,0.0117,-0.0187,-0.2906,0
12596449,0.3033,0.0093,0.0025,-0.9528,0.0028,-0.0032,-0.2948,0
12596616,0.3033,0.0093,0.0025,-0.9528,0.0115,-0.0135,-0.2901,0
12596782,0.3033,0.0093,0.0025,-0.9528,0.0095,-0.0053,-0.2856,0
12596949,0.3033,0.0093,0.0025,-0.9528,0.0014,-0.0038,-0.2995,0
12597116,0.3033,0.0093,0.0025,-0.9529,0.0104,0.0011,-0.2986,0
12597282,0.3032,0.0093,0.0025,-0.9529,0.0051,0.0002,-0.2824,0
12597449,0.3032,0.0093,0.0025,-0.9529,0.0097,-0.0111,-0.2905,0
12597616,0.3032,0.0093,0.0025,-0.9529,0.0040,0.0078,-0.2857,0
12597782,0.3032,0.0093,0.0025,-0.9529,-0.0085,-0.0073,-0.2916,0
12597949,0.3032,0.0092,0.0025,-0.9529,0.0084,-0.0023,-0.2791,0
12598116,0.3032,0.0093,0.0026,-0.9529,-0.0011,0.0094,-0.2806,0
12598282,0.3034,0.0093,0.0026,-0.9528,0.0164,-0.0028,-0.2656,0
12598449,0.3035,0.0093,0.0026,-0.9528,0.0042,-0.0046,-0.3029,0
12598616,0.3035,0.0093,0.0026,-0.9528,0.0125,-0.0072,-0.2809,0
12598782,0.3035,0.0093,0.0026,-0.9528,-0.0063,0.0157,-0.2833,0
12598949,0.3035,0.0093,0.0026,-0.9528,0.0016,0.0053,-0.2562,0
12599116,0.3036,0.0093,0.0026,-0.9528,0.0142,-0.0003,-0.3043,0
12599282,0.3035,0.0093,0.0026,-0.9528,0.0048,0.0037,-0.2989,0
12599449,0.3036,0.0093,0.0026,-0.9528,0.0261,-0.0042,-0.2968,0
12599616,0.3037,0.0093,0.0026,-0.9527,0.0225,-0.0034,-0.2721,0
12599783,0.3036,0.0093,0.0026,-0.9528,0.0083,0.0117,-0.2981,0
12599949,0.3035,0.0093,0.0026,-0.9528,0.0049,-0.0088,-0.2725,0
12600116,0.3035,0.0093,0.0026,-0.9528,0.0091,0.0052,-0.2778,0
12600283,0.3033,0.0093,0.0026,-0.9528,0.0098,0.0016,-0.2868,0
12600449,0.3034,0.0093,0.0026,-0.9528,-0.0022,0.0044,-0.2909,0
12600616,0.3033,0.0093,0.0026,-0.9529,-0.0050,0.0046,-0.2893,0
12600783,0.3033,0.0093,0.0026,-0.9529,-0.0039,-0.0055,-0.2861,0
12600949,0.3032,0.0093,0.0026,-0.9529,0.0039,-0.0031,-0.2778,0
12601116,0.3032,0.0093,0.0026,-0.9529,0.0036,-0.0051,-0.2849,0
12601283,0.3030,0.0093,0.0026,-0.9529,0.0059,-0.0069,-0.2894,0
12601449,0.3031,0.0093,0.0026,-0.9529,0.0046,0.0049,-0.2801,0
12601616,0.3032,0.0093,0.0026,-0.9529,-0.0023,-0.0014,-0.2774,0
12601783,0.3030,0.0093,0.0026,-0.9530,0.0098,-0.0061,-0.3040,0
12601949,0.3030,0.0093,0.0026,-0.9529,0.0149,-0.0046,-0.2879,0
12602116,0.3030,0.0093,0.0026,-0.9530,0.0116,-0.0020,-0.2813,0
12602283,0.3030,0.0093,0.0026,-0.9530,0.0171,0.0067,-0.2898,0
12602449,0.3030,0.0093,0.0026,-0.9529,0.0098,-0.0036,-0.2748,0
12602616,0.3033,0.0093,0.0026,-0.9529,-0.0035,0.0049,-0.2838,0
12602783,0.3034,0.0093,0.0026,-0.9528,0.0112,-0.0026,-0.2767,0
12602949,0.3033,0.0093,0.0026,-0.9528,-0.0060,0.0016,-0.2830,0
12603116,0.3033,0.0092,0.0026,-0.9528,-0.0022,0.0153,-0.2727,0
12603283,0.3029,0.0093,0.0026,-0.9530,0.0060,0.0001,-0.2964,0
12603449,0.3029,0.0093,0.0026,-0.9530,0.0107,-0.0045,-0.2736,0
12603616,0.3029,0.0093,0.0026,-0.9530,-0.0022,-0.0028,-0.2838,0
12603783,0.3029,0.0093,0.0026,-0.9530,0.0073,0.0084,-0.2804,0
12603949,0.3029,0.0093,0.0026,-0.9530,0.0055,0.0071,-0.2928,0
12604116,0.3029,0.0092,0.0026,-0.9530,0.0026,0.0009,-0.2909,0
12604283,0.3031,0.0094,0.0025,-0.9529,-0.0067,0.0091,-0.2967,0
12604449,0.3031,0.0094,0.0025,-0.9529,-0.0151,0.0072,-0.2915,0
12604616,0.3030,0.0094,0.0025,-0.9529,0.0076,0.0035,-0.2907,0
12604783,0.3027,0.0094,0.0025,-0.9530,0.0100,0.0067,-0.2867,0
12604949,0.3025,0.0094,0.0025,-0.9531,0.0057,0.0035,-0.3046,0
12605116,0.3026,0.0094,0.0025,-0.9531,0.0001,0.0067,-0.2961,0
12605283,0.3026,0.0094,0.0025,-0.9531,0.0049,-0.0000,-0.3014,0
12605449,0.3024,0.0094,0.0025,-0.9531,-0.0001,0.0045,-0.2706,0
12605616,0.3026,0.0094,0.0025,-0.9531,-0.0031,-0.0021,-0.2831,0
12605783,0.3026,0.0094,0.0025,-0.9531,0.0044,-0.0005,-0.2840,0
12605949,0.3026,0.0094,0.0025,-0.9531,-0.0061,-0.0052,-0.2906,0
12606116,0.3027,0.0094,0.0025,-0.9530,0.0010,-0.0027,-0.2927,0
12606283,0.3027,0.0094,0.0025,-0.9530,-0.0058,0.0022,-0.2798,0
12606449,0.3027,0.0094,0.0025,-0.9530,0.0003,0.0099,-0.2653,0
12606616,0.3027,0.0094,0.0025,-0.9530,-0.0144,0.0129,-0.2830,0
12606783,0.3026,0.0094,0.0025,-0.9531,0.0087,0.0051,-0.2840,0
12606949,0.3027,0.0093,0.0025,-0.9530,0.0057,-0.0040,-0.2896,0
12607116,0.3029,0.0093,0.0025,-0.9530,0.0124,0.0030,-0.2964,0
12607283,0.3029,0.0093,0.0025,-0.9530,-0.0034,0.0042,-0.2974,0
12607449,0.3029,0.0093,0.0025,-0.9530,0.0049,0.0078,-0.2854,0
12607616,0.3030,0.0093,0.0025,-0.9530,0.0015,0.0031,-0.2914,0
12607783,0.3030,0.0093,0.0025,-0.9529,-0.0010,-0.0078,-0.2906,0
12607949,0.3030,0.0093,0.0025,-0.9529,0.0086,0.0155,-0.3097,0
12608116,0.3029,0.0093,0.0025,-0.9530,-0.0073,-0.0040,-0.2904,0
12608283,0.3030,0.0094,0.0025,-0.9530,-0.0041,-0.0166,-0.2676,0
12608449,0.3029,0.0093,0.0025,-0.9530,0.0055,0.0042,-0.3011,0
12608616,0.3029,0.0093,0.0025,-0.9530,-0.0031,0.0063,-0.2623,0
12608783,0.3028,0.0093,0.0025,-0.9530,0.0053,0.0046,-0.2787,0
12608949,0.3026,0.0093,0.0026,-0.9531,-0.0018,-0.0075,-0.2815,0
12609116,0.3027,0.0093,0.0026,-0.9530,-0.0090,-0.0039,-0.2934,0
12609283,0.3027,0.0093,0.0026,-0.9530,0.0013,0.0080,-0.3012,0
12609449,0.3026,0.0093,0.0026,-0.9531,-0.0061,-0.0043,-0.2969,0
12609616,0.3026,0.0093,0.0026,-0.9531,0.0024,0.0143,-0.2761,0
12609783,0.3026,0.0093,0.0025,-0.9531,0.0017,-0.0019,-0.2885,0
12609949,0.3027,0.0093,0.0026,-0.9531,0.0137,0.0029,-0.2755,0
12610116,0.3027,0.0093,0.0026,-0.9530,0.0062,-0.0066,-0.2939,0
12610283,0.3028,0.0093,0.0026,-0.9530,-0.0049,0.0064,-0.2615,0
12610449,0.3029,0.0093,0.0026,-0.9530,0.0006,-0.0054,-0.2778,0
12610616,0.3029,0.0093,0.0026,-0.9530,0.0123,-0.0076,-0.2710,0
12610783,0.3028,0.0093,0.0026,-0.9530,0.0133,0.0015,-0.2893,0
12610949,0.3028,0.0093,0.0026,-0.9530,0.0045,0.0077,-0.2800,0
12611116,0.3027,0.0093,0.0026,-0.9530,-0.0023,0.0053,-0.2698,0
12611283,0.3027,0.0093,0.0025,-0.9530,0.0012,-0.0094,-0.2829,0
12611449,0.3025,0.0093,0.0025,-0.9531,0.0023,-0.0005,-0.2907,0
12611616,0.3025,0.0093,0.0025,-0.9531,0.0038,0.0140,-0.2803,0
12611783,0.3025,0.0093,0.0025,-0.9531,0.0003,-0.0026,-0.2803,0
12611949,0.3024,0.0093,0.0025,-0.9531,0.0007,-0.0002,-0.2783,0
12612116,0.3025,0.0093,0.0025,-0.9531,0.0005,-0.0082,-0.2753,0
12612283,0.3025,0.0093,0.0026,-0.9531,-0.0080,0.0126,-0.2974,0
12612449,0.3026,0.0093,0.0026,-0.9531,-0.0014,-0.0115,-0.2760,0
12612616,0.3026,0.0093,0.0026,-0.9531,0.0051,-0.0046,-0.3004,0
12612783,0.3027,0.0093,0.0026,-0.9531,0.0044,-0.0049,-0.2615,0
12612949,0.3026,0.0093,0.0026,-0.9531,0.0199,-0.0073,-0.2758,0
12613116,0.3026,0.0093,0.0026,-0.9531,-0.0034,0.0021,-0.3065,0
12613283,0.3026,0.0093,0.0026,-0.9531,-0.0005,0.0061,-0.2835,0
12613449,0.3026,0.0093,0.0026,-0.9531,0.0047,-0.0000,-0.2887,0
12613616,0.3026,0.0093,0.0026,-0.9531,0.0044,-0.0060,-0.2706,0
12613783,0.3026,0.0093,0.0026,-0.9531,0.0092,-0.0028,-0.2963,0
12613949,0.3026,0.0093,0.0026,-0.9531,0.0167,0.0058,-0.2919,0
12614116,0.3025,0.0093,0.0026,-0.9531,-0.0093,-0.0034,-0.2787,0
12614283,0.3025,0.0093,0.0026,-0.9531,-0.0074,-0.0045,-0.3002,0
12614449,0.3025,0.0093,0.0026,-0.9531,0.0024,0.0061,-0.2830,0
12614616,0.3024,0.0093,0.0026,-0.9531,0.0186,0.0012,-0.2698,0
12614783,0.3025,0.0093,0.0026,-0.9531,-0.0064,-0.0003,-0.2970,0
12614949,0.3024,0.0093,0.0026,-0.9531,0.0058,-0.0056,-0.3124,0
12615116,0.3023,0.0093,0.0026,-0.9532,-0.0052,-0.0107,-0.3006,0
12615283,0.3024,0.0093,0.0026,-0.9531,0.0042,-0.0165,-0.2778,0
12615449,0.3023,0.0093,0.0026,-0.9532,0.0066,0.0030,-0.2895,0
12615616,0.3022,0.0093,0.0026,-0.9532,0.0146,-0.0126,-0.3024,0
12615783,0.3023,0.0093,0.0026,-0.9532,0.0075,0.0014,-0.2869,0
12615949,0.3023,0.0093,0.0026,-0.9532,-0.0044,-0.0117,-0.2864,0
12616116,0.3024,0.0093,0.0026,-0.9531,-0.0019,-0.0056,-0.2729,0
12616283,0.3024,0.0093,0.0027,-0.9531,0.0045,-0.0044,-0.2875,0
12616450,0.3024,0.0093,0.0027,-0.9531,0.0091,-0.0105,-0.2766,0
12616616,0.3024,0.0093,0.0027,-0.9531,0.0143,0.0055,-0.2938,0
12616783,0.3024,0.0093,0.0027,-0.9531,0.0048,-0.0014,-0.2928,0
12616950,0.3025,0.0093,0.0027,-0.9531,0.0049,-0.0017,-0.2837,0
12617116,0.3024,0.0093,0.0027,-0.9531,0.0070,-0.0058,-0.2722,0
12617283,0.3024,0.0093,0.0027,-0.9531,0.0102,-0.0076,-0.2969,0
12617450,0.3024,0.0093,0.0027,-0.9531,0.0010,0.0082,-0.2713,0
12617616,0.3024,0.0093,0.0027,-0.9531,0.0021,0.0026,-0.2940,0
12617783,0.3025,0.0093,0.0027,-0.9531,-0.0004,0.0048,-0.2743,0
12617950,0.3024,0.0093,0.0027,-0.9531,0.0170,-0.0033,-0.2943,0
12618116,0.3025,0.0093,0.0027,-0.9531,0.0119,0.0106,-0.2791,0
12618283,0.3025,0.0093,0.0027,-0.9531,0.0044,0.0072,-0.2849,0
12618450,0.3025,0.0093,0.0027,-0.9531,-0.0047,-0.0077,-0.2827,0
12618616,0.3024,0.0093,0.0027,-0.9531,0.0046,0.0060,-0.3023,0
12618783,0.3024,0.0093,0.0027,-0.9531,0.0105,-0.0128,-0.2878,0
12618950,0.3023,0.0092,0.0027,-0.9532,-0.0028,-0.0068,-0.2882,0
12619116,0.3023,0.0092,0.0027,-0.9532,0.0118,-0.0081,-0.2856,0
12619283,0.3022,0.0092,0.0027,-0.9532,0.0008,0.0031,-0.3039,0
12619450,0.3022,0.0092,0.0027,-0.9532,0.0128,0.0023,-0.2627,0
12619616,0.3022,0.0092,0.0027,-0.9532,0.0158,-0.0024,-0.3125,0
12619783,0.3021,0.0092,0.0027,-0.9532,0.0050,-0.0053,-0.2901,0
12619950,1.0000,0.0002,0.0096,-0.0000,-0.0044,0.0205,-0.3043,0
12620116,1.0000,0.0002,0.0096,0.0000,-0.0104,0.0029,-0.2716,0
12620283,1.0000,0.0002,0.0096,0.0001,-0.0112,-0.0074,-0.2913,0
12620450,1.0000,0.0002,0.0096,0.0000,0.0017,0.0059,-0.2911,0
12620616,1.0000,0.0002,0.0096,-0.0000,-0.0007,0.0196,-0.2744,0
12620783,1.0000,0.0002,0.0096,-0.0000,-0.0104,0.0041,-0.2949,0
12620950,1.0000,0.0002,0.0096,-0.0001,0.0132,0.0095,-0.2641,0
12621116,1.0000,0.0002,0.0096,-0.0001,-0.0065,0.0159,-0.2867,0
12621283,1.0000,0.0002,0.0096,-0.0001,0.0003,0.0082,-0.2870,0
12621450,1.0000,0.0002,0.0096,-0.0000,0.0090,0.0147,-0.2985,0
12621616,1.0000,0.0002,0.0096,-0.0001,-0.0144,0.0054,-0.2968,0
12621783,1.0000,0.0002,0.0096,-0.0001,0.0101,0.0076,-0.2881,0
12621950,1.0000,0.0002,0.0096,-0.0000,-0.0015,0.0030,-0.3030,0
12622116,1.0000,0.0002,0.0096,-0.0000,-0.0092,0.0141,-0.2706,0
12622283,1.0000,0.0002,0.0096,-0.0000,0.0124,-0.0037,-0.2994,0
12622450,1.0000,0.0002,0.0096,-0.0000,-0.0096,0.0023,-0.2979,0
12622616,1.0000,0.0002,0.0096,-0.0001,0.0054,0.0089,-0.2862,0
12622783,1.0000,0.0002,0.0096,-0.0001,-0.0127,0.0021,-0.2902,0
12622950,1.0000,0.0002,0.0096,-0.0000,0.0042,0.0099,-0.2875,0
12623116,1.0000,0.0002,0.0096,0.0001,0.0060,0.0149,-0.2662,0
12623283,1.0000,0.0002,0.0096,-0.0001,-0.0177,0.0119,-0.2859,0
12623450,1.0000,0.0002,0.0096,0.0000,0.0001,-0.0010,-0.2886,0
12623616,1.0000,0.0002,0.0096,-0.0000,-0.0026,0.0141,-0.2720,0
12623783,1.0000,0.0002,0.0096,0.0000,-0.0113,0.0076,-0.2971,0
12623950,1.0000,0.0002,0.0096,0.0000,0.0024,0.0067,-0.2735,0
12624116,1.0000,0.0001,0.0096,0.0001,-0.0057,0.0018,-0.2795,0
12624283,1.0000,0.0003,0.0097,0.0001,0.0066,0.0099,-0.2766,0
12624450,1.0000,0.0003,0.0097,0.0000,-0.0127,-0.0018,-0.3019,0
12624616,1.0000,0.0003,0.0097,0.0001,0.0006,0.0040,-0.2764,0
12624783,1.0000,0.0003,0.0097,0.0000,0.0043,0.0022,-0.3031,0
12624950,1.0000,0.0003,0.0097,-0.0000,0.0014,0.0034,-0.2893,0
12625116,1.0000,0.0003,0.0097,-0.0000,0.0034,0.0078,-0.2654,0
12625283,1.0000,0.0003,0.0097,0.0001,-0.0097,0.0080,-0.3027,0
12625450,1.0000,0.0003,0.0096,0.0002,0.0175,0.0141,-0.2806,0
12625616,1.0000,0.0003,0.0096,0.0001,-0.0021,0.0049,-0.2853,0
12625783,1.0000,0.0003,0.0096,0.0000,0.0008,0.0079,-0.2914,0
12625950,1.0000,0.0003,0.0096,0.0001,-0.0030,0.0121,-0.2794,0
12626116,1.0000,0.0003,0.0096,0.0001,-0.0048,0.0199,-0.2943,0
12626283,1.0000,0.0003,0.0096,0.0001,-0.0032,0.0017,-0.2754,0
12626450,1.0000,0.0003,0.0096,0.0001,-0.0064,-0.0003,-0.2881,0
12626616,1.0000,0.0003,0.0097,0.0001,0.0029,0.0027,-0.2870,0
12626783,1.0000,0.0003,0.0096,0.0001,0.0014,-0.0062,-0.2814,0
12626950,1.0000,0.0003,0.0096,-0.0001,-0.0032,0.0103,-0.2781,0
12627116,1.0000,0.0003,0.0096,-0.0001,-0.0165,0.0086,-0.2793,0
12627283,1.0000,0.0003,0.0096,-0.0000,-0.0116,0.0116,-0.2623,0
12627450,1.0000,0.0003,0.0096,-0.0001,-0.0052,-0.0020,-0.2812,0
12627616,1.0000,0.0003,0.0096,-0.0001,-0.0014,0.0031,-0.2883,0
12627783,1.0000,0.0003,0.0096,-0.0001,0.0039,0.0098,-0.2985,0
12627950,1.0000,0.0003,0.0096,-0.0003,-0.0113,-0.0027,-0.2914,0
12628116,1.0000,0.0003,0.0096,-0.0003,0.0016,0.0065,-0.2615,0
12628283,1.0000,0.0003,0.0096,-0.0003,-0.0035,-0.0068,-0.2864,0
12628450,1.0000,0.0003,0.0096,-0.0004,-0.0038,0.0055,-0.2588,0
12628616,1.0000,0.0003,0.0096,-0.0003,0.0027,-0.0004,-0.2942,0
12628783,1.0000,0.0003,0.0096,-0.0003,-0.0126,0.0062,-0.2780,0
12628950,1.0000,0.0003,0.0096,-0.0003,-0.0027,-0.0007,-0.2933,0
12629116,1.0000,0.0003,0.0096,-0.0003,-0.0108,-0.0109,-0.2977,0
12629283,1.0000,0.0003,0.0096,-0.0004,-0.0010,0.0188,-0.2978,0
12629450,1.0000,0.0003,0.0096,-0.0004,-0.0066,0.0031,-0.2990,0
12629616,1.0000,0.0003,0.0096,-0.0004,-0.0143,0.0169,-0.3012,0
12629783,1.0000,0.0003,0.0096,-0.0003,0.0055,0.0110,-0.2860,0
12629950,1.0000,0.0002,0.0096,-0.0004,-0.0041,0.0002,-0.2899,0
12630116,1.0000,0.0002,0.0096,-0.0004,0.0004,0.0009,-0.2813,0
12630283,1.0000,0.0002,0.0096,-0.0004,-0.0016,0.0032,-0.3057,0
12630450,1.0000,0.0002,0.0096,-0.0004,-0.0001,0.0124,-0.2620,0
12630616,1.0000,0.0002,0.0096,-0.0004,-0.0039,-0.0027,-0.2912,0
12630783,1.0000,0.0002,0.0096,-0.0004,-0.0075,0.0039,-0.2788,0
12630950,1.0000,0.0002,0.0096,-0.0004,-0.0041,0.0031,-0.2989,0
12631116,1.0000,0.0002,0.0096,-0.0004,-0.0092,-0.0016,-0.2824,0
12631283,1.0000,0.0002,0.0096,-0.0004,-0.0076,-0.0034,-0.2870,0
12631450,1.0000,0.0002,0.0096,-0.0004,-0.0091,-0.0148,-0.2967,0
12631616,1.0000,0.0002,0.0096,-0.0004,-0.0125,-0.0024,-0.2938,0
12631783,1.0000,0.0002,0.0096,-0.0005,-0.0041,-0.0026,-0.3037,0
12631950,1.0000,0.0003,0.0096,-0.0004,-0.0090,0.0086,-0.2781,0
12632116,1.0000,0.0002,0.0096,-0.0004,-0.0029,0.0064,-0.2739,0
12632283,1.0000,0.0002,0.0096,-0.0004,0.0020,0.0008,-0.2805,0
12632450,1.0000,0.0002,0.0096,-0.0003,-0.0025,0.0070,-0.2840,0
12632616,1.0000,0.0002,0.0096,-0.0002,-0.0127,0.0021,-0.3061,0
12632783,1.0000,0.0002,0.0096,-0.0002,-0.0150,-0.0020,-0.3101,0
12632950,1.0000,0.0002,0.0096,-0.0002,-0.0130,0.0082,-0.2915,0
12633117,1.0000,0.0002,0.0096,-0.0002,-0.0014,0.0070,-0.2928,0
12633283,1.0000,0.0002,0.0096,-0.0001,0.0032,0.0231,-0.2923,0
12633450,1.0000,0.0002,0.0096,-0.0001,-0.0153,-0.0027,-0.2925,0
12633617,1.0000,0.0002,0.0096,-0.0001,-0.0151,0.0051,-0.3037,0
12633783,1.0000,0.0002,0.0096,-0.0001,-0.0017,0.0053,-0.2859,0
12633950,1.0000,0.0002,0.0096,-0.0002,-0.0050,0.0158,-0.2844,0
12634117,1.0000,0.0002,0.0096,-0.0002,-0.0038,0.0040,-0.2997,0
12634283,1.0000,0.0002,0.0096,-0.0003,-0.0096,0.0048,-0.2766,0
12634450,1.0000,0.0002,0.0096,-0.0000,-0.0095,0.0136,-0.2810,0
12634617,1.0000,0.0002,0.0096,-0.0000,-0.0148,0.0010,-0.2725,0
12634783,1.0000,0.0002,0.0096,-0.0000,-0.0125,-0.0181,-0.3014,0
12634950,1.0000,0.0002,0.0096,-0.0000,-0.0068,0.0048,-0.2761,0
12635117,1.0000,0.0002,0.0096,-0.0000,-0.0146,-0.0128,-0.2945,0
12635283,1.0000,0.0002,0.0096,-0.0001,-0.0044,0.0138,-0.2840,0
12635450,1.0000,0.0002,0.0096,-0.0001,-0.0081,-0.0152,-0.3048,0
12635617,1.0000,0.0002,0.0096,-0.0001,-0.0043,-0.0038,-0.2837,0
12635783,1.0000,0.0002,0.0096,-0.0001,-0.0033,0.0019,-0.2846,0
12635950,1.0000,0.0002,0.0096,-0.0001,0.0006,0.0152,-0.2709,0
12636117,1.0000,0.0002,0.0096,-0.0001,-0.0139,0.0070,-0.3101,0
12636283,1.0000,0.0002,0.0096,-0.0001,-0.0210,0.0122,-0.2727,0
12636450,1.0000,0.0002,0.0096,-0.0002,0.0033,0.0067,-0.3052,0
12636617,1.0000,0.0001,0.0096,-0.0001,-0.0053,0.0068,-0.2916,0
12636783,1.0000,0.0001,0.0096,-0.0001,-0.0102,0.0065,-0.2877,0
12636950,1.0000,0.0001,0.0096,-0.0001,-0.0066,-0.0008,-0.2738,0
12637117,1.0000,0.0001,0.0096,-0.0000,-0.0169,0.0006,-0.3018,0
12637283,1.0000,0.0001,0.0096,-0.0000,0.0051,0.0011,-0.2882,0
12637450,1.0000,0.0001,0.0096,-0.0001,-0.0139,0.0090,-0.2976,0
12637617,1.0000,0.0001,0.0096,-0.0001,-0.0134,-0.0005,-0.3199,0
12637783,1.0000,0.0001,0.0096,-0.0002,-0.0154,0.0056,-0.2708,0
12637950,1.0000,0.0001,0.0096,-0.0002,-0.0059,0.0134,-0.2713,0
12638117,1.0000,0.0001,0.0096,-0.0002,-0.0029,0.0087,-0.2825,0
12638283,1.0000,0.0001,0.0096,-0.0003,-0.0121,0.0057,-0.2765,0
12638450,1.0000,0.0001,0.0096,-0.0002,-0.0048,-0.0185,-0.2623,0
12638617,1.0000,0.0001,0.0096,-0.0002,-0.0125,0.0141,-0.3024,0
12638783,1.0000,0.0001,0.0096,-0.0001,-0.0006,0.0037,-0.2801,0
12638950,1.0000,0.0001,0.0096,-0.0001,-0.0053,0.0174,-0.2943,0
12639117,1.0000,0.0001,0.0096,-0.0002,-0.0116,0.0065,-0.2759,0
12639283,1.0000,0.0001,0.0096,-0.0003,-0.0100,0.0058,-0.2859,0
12639450,1.0000,0.0001,0.0096,-0.0003,-0.0090,0.0062,-0.2718,0
12639617,1.0000,0.0001,0.0096,-0.0005,-0.0087,0.0119,-0.2938,0
12639783,1.0000,0.0001,0.0096,-0.0006,-0.0034,0.0079,-0.3009,0
12639950,1.0000,0.0001,0.0096,-0.0006,-0.0009,0.0029,-0.2875,0
12640117,1.0000,0.0001,0.0096,-0.0005,-0.0012,0.0096,-0.2707,0
12640283,1.0000,0.0001,0.0096,-0.0005,0.0041,0.0081,-0.2846,0
12640450,1.0000,0.0001,0.0096,-0.0006,-0.0064,0.0095,-0.2846,0
12640617,1.0000,0.0001,0.0096,-0.0006,-0.0100,0.0045,-0.2826,0
12640783,1.0000,0.0001,0.0096,-0.0006,-0.0004,0.0076,-0.2789,0
12640950,1.0000,0.0001,0.0096,-0.0006,-0.0035,0.0056,-0.2910,0
12641117,1.0000,0.0001,0.0096,-0.0006,-0.0046,0.0126,-0.2802,0
12641283,1.0000,0.0001,0.0096,-0.0006,-0.0134,0.0079,-0.2717,0
12641450,1.0000,0.0001,0.0096,-0.0006,-0.0058,0.0142,-0.2853,0
12641617,1.0000,0.0001,0.0096,-0.0006,-0.0111,0.0110,-0.2960,0
12641783,1.0000,0.0001,0.0096,-0.0007,-0.0158,0.0054,-0.2703,0
12641950,1.0000,0.0001,0.0096,-0.0007,-0.0007,0.0035,-0.2819,0
12642117,1.0000,0.0001,0.0096,-0.0008,-0.0163,0.0193,-0.2817,0
12642283,1.0000,0.0001,0.0096,-0.0007,-0.0145,0.0061,-0.2718,0
12642450,1.0000,0.0001,0.0096,-0.0007,-0.0049,0.0031,-0.2598,0
12642617,1.0000,0.0001,0.0096,-0.0008,-0.0057,0.0139,-0.2825,0
12642783,1.0000,0.0001,0.0096,-0.0008,-0.0037,0.0091,-0.2771,0
12642950,1.0000,0.0000,0.0096,-0.0008,-0.0029,0.0167,-0.2689,0
12643117,1.0000,0.0000,0.0096,-0.0007,-0.0129,0.0261,-0.2886,0
12643283,1.0000,0.0000,0.0096,-0.0007,-0.0053,0.0329,-0.2946,0
12643450,1.0000,0.0000,0.0096,-0.0007,-0.0057,0.0091,-0.3116,0
12643617,1.0000,0.0000,0.0096,-0.0008,-0.0071,0.0180,-0.2680,0
12643783,1.0000,0.0000,0.0096,-0.0008,0.0002,0.0042,-0.3011,0
12643950,1.0000,-0.0000,0.0096,-0.0008,0.0016,0.0039,-0.2916,0
12644117,1.0000,-0.0000,0.0096,-0.0008,-0.0063,0.0099,-0.2951,0
12644283,1.0000,0.0002,0.0097,-0.0008,0.0052,0.0174,-0.2731,0
12644450,1.0000,0.0002,0.0097,-0.0008,-0.0062,0.0040,-0.2716,0
12644617,1.0000,0.0002,0.0097,-0.0007,-0.0049,-0.0103,-0.2594,0
12644783,1.0000,0.0002,0.0097,-0.0008,-0.0083,-0.0027,-0.3031,0
12644950,1.0000,0.0002,0.0097,-0.0008,0.0019,-0.0001,-0.2649,0
12645117,1.0000,0.0002,0.0097,-0.0008,-0.0081,0.0051,-0.3195,0
12645283,1.0000,0.0001,0.0097,-0.0008,0.0010,0.0112,-0.2752,0
12645450,1.0000,0.0001,0.0097,-0.0008,0.0028,0.0098,-0.2985,0
12645617,1.0000,0.0001,0.0097,-0.0007,0.0047,0.0020,-0.2855,0
12645783,1.0000,0.0001,0.0097,-0.0008,-0.0009,0.0037,-0.3143,0
12645950,1.0000,0.0001,0.0097,-0.0008,-0.0028,-0.0032,-0.2740,0
12646117,1.0000,0.0001,0.0097,-0.0008,-0.0039,-0.0001,-0.3109,0
12646283,1.0000,0.0001,0.0097,-0.0009,-0.0078,0.0071,-0.2902,0
12646450,1.0000,0.0001,0.0097,-0.0009,-0.0016,0.0075,-0.2934,0
12646617,1.0000,0.0001,0.0097,-0.0009,-0.0052,0.0091,-0.2820,0
12646783,1.0000,0.0001,0.0097,-0.0010,0.0041,0.0233,-0.2807,0
12646950,1.0000,0.0001,0.0097,-0.0010,-0.0057,0.0064,-0.2873,0
12647117,1.0000,0.0001,0.0097,-0.0010,0.0012,0.0029,-0.2723,0
12647283,1.0000,0.0001,0.0097,-0.0010,0.0080,0.0110,-0.2832,0
12647450,1.0000,0.0001,0.0097,-0.0010,-0.0026,0.0106,-0.2776,0
12647617,1.0000,0.0001,0.0097,-0.0010,0.0028,0.0010,-0.2862,0
12647783,1.0000,0.0001,0.0097,-0.0011,0.0037,-0.0022,-0.2784,0
12647950,1.0000,0.0001,0.0097,-0.0011,-0.0006,0.0147,-0.2848,0
12648117,1.0000,0.0001,0.0097,-0.0011,-0.0032,0.0139,-0.2930,0
12648283,1.0000,0.0001,0.0097,-0.0010,-0.0024,0.0038,-0.2869,0
12648450,1.0000,0.0001,0.0097,-0.0010,-0.0007,0.0032,-0.2681,0
12648617,1.0000,0.0001,0.0097,-0.0011,-0.0077,0.0100,-0.2990,0
12648783,1.0000,0.0001,0.0097,-0.0010,-0.0078,0.0117,-0.2705,0
12648950,1.0000,0.0001,0.0097,-0.0010,0.0097,0.0061,-0.2806,0
12649117,1.0000,0.0001,0.0097,-0.0010,0.0005,-0.0009,-0.2652,0
12649283,1.0000,0.0001,0.0097,-0.0010,-0.0093,-0.0026,-0.2936,0
12649450,1.0000,0.0001,0.0097,-0.0010,0.0065,-0.0017,-0.2798,0
12649617,1.0000,0.0001,0.0097,-0.0010,-0.0020,0.0075,-0.3080,0
12649784,1.0000,0.0001,0.0097,-0.0010,-0.0075,0.0036,-0.2873,0
12649950,1.0000,0.0001,0.0097,-0.0010,-0.0064,0.0038,-0.2872,0
12650117,1.0000,0.0001,0.0097,-0.0010,-0.0055,0.0009,-0.2869,0
12650284,1.0000,0.0001,0.0097,-0.0010,-0.0122,0.0028,-0.2978,0
12650450,1.0000,0.0001,0.0097,-0.0011,-0.0024,0.0146,-0.2722,0
12650617,1.0000,0.0001,0.0097,-0.0011,0.0019,0.0031,-0.3025,0
12650784,1.0000,0.0001,0.0098,-0.0010,-0.0003,0.0149,-0.2929,0
12650950,1.0000,0.0000,0.0098,-0.0010,-0.0060,0.0165,-0.2958,0
12651117,1.0000,0.0000,0.0098,-0.0010,-0.0087,0.0084,-0.2825,0
12651284,1.0000,0.0000,0.0098,-0.0010,-0.0030,-0.0009,-0.2890,0
12651450,1.0000,0.0000,0.0098,-0.0010,0.0077,-0.0123,-0.2826,0
12651617,1.0000,0.0000,0.0098,-0.0010,0.0024,-0.0032,-0.2952,0
12651784,1.0000,0.0000,0.0098,-0.0009,0.0060,0.0123,-0.2852,0
12651950,1.0000,0.0000,0.0098,-0.0009,0.0088,0.0061,-0.2864,0
12652117,1.0000,0.0000,0.0098,-0.0009,0.0027,0.0086,-0.2850,0
12652284,1.0000,0.0000,0.0098,-0.0009,-0.0100,0.0132,-0.2934,0
12652450,1.0000,0.0000,0.0098,-0.0009,0.0010,0.0104,-0.2753,0
12652617,1.0000,0.0000,0.0098,-0.0009,0.0069,0.0064,-0.2854,0
12652784,1.0000,0.0000,0.0098,-0.0010,-0.0056,0.0166,-0.2609,0
12652950,1.0000,0.0000,0.0098,-0.0010,-0.0153,0.0097,-0.2836,0
12653117,1.0000,0.0000,0.0098,-0.0009,0.0015,0.0089,-0.2822,0
12653284,1.0000,0.0000,0.0098,-0.0008,-0.0045,0.0167,-0.2916,0
12653450,1.0000,0.0000,0.0098,-0.0007,0.0072,0.0098,-0.2871,0
12653617,1.0000,0.0000,0.0098,-0.0007,-0.0017,-0.0034,-0.2607,0
12653784,1.0000,0.0000,0.0098,-0.0007,-0.0056,0.0153,-0.2915,0
12653950,1.0000,0.0000,0.0098,-0.0007,0.0009,-0.0011,-0.2933,0
12654117,1.0000,0.0000,0.0098,-0.0007,-0.0089,0.0088,-0.2844,0
12654284,1.0000,-0.0000,0.0098,-0.0008,-0.0054,0.0109,-0.3005,0
12654450,1.0000,-0.0000,0.0098,-0.0008,0.0029,0.0198,-0.2975,0
12654617,1.0000,-0.0000,0.0098,-0.0008,0.0021,0.0006,-0.2834,0
12654784,1.0000,-0.0000,0.0098,-0.0008,0.0018,0.0210,-0.2952,0
12654950,1.0000,-0.0000,0.0098,-0.0008,0.0050,0.0118,-0.2916,0
12655117,1.0000,-0.0000,0.0098,-0.0008,-0.0066,0.0126,-0.3013,0
12655284,1.0000,-0.0000,0.0098,-0.0008,0.0045,0.0148,-0.2766,0
12655450,1.0000,-0.0000,0.0098,-0.0007,0.0028,0.0153,-0.3072,0
12655617,1.0000,-0.0000,0.0098,-0.0007,0.0015,0.0013,-0.3083,0
12655784,1.0000,-0.0000,0.0098,-0.0007,-0.0001,0.0202,-0.2841,0
12655950,1.0000,-0.0000,0.0098,-0.0007,0.0143,0.0191,-0.2568,0
12656117,1.0000,-0.0000,0.0098,-0.0008,-0.0061,0.0017,-0.2867,0
12656284,1.0000,-0.0000,0.0098,-0.0008,0.0023,0.0216,-0.2935,0
12656450,1.0000,-0.0000,0.0098,-0.0008,0.0005,0.0019,-0.2956,0
12656617,1.0000,-0.0000,0.0098,-0.0008,0.0043,0.0107,-0.2842,0
12656784,1.0000,-0.0000,0.0098,-0.0008,-0.0084,0.0017,-0.2858,0
12656950,1.0000,-0.0001,0.0098,-0.0009,0.0008,0.0158,-0.2617,0
12657117,1.0000,-0.0001,0.0098,-0.0009,0.0044,0.0114,-0.2848,0
12657284,1.0000,-0.0001,0.0098,-0.0009,-0.0063,0.0036,-0.2841,0
12657450,1.0000,-0.0001,0.0098,-0.0009,0.0123,0.0208,-0.2783,0
12657617,1.0000,-0.0001,0.0098,-0.0009,0.0092,0.0147,-0.2967,0
12657784,1.0000,-0.0001,0.0098,-0.0009,-0.0007,0.0087,-0.2957,0
12657950,1.0000,-0.0001,0.0098,-0.0009,-0.0138,0.0079,-0.3044,0
12658117,1.0000,-0.0001,0.0099,-0.0009,0.0054,0.0153,-0.2781,0
12658284,1.0000,-0.0001,0.0098,-0.0009,-0.0047,0.0055,-0.2756,0
12658450,1.0000,-0.0001,0.0098,-0.0009,0.0046,0.0093,-0.2721,0
12658617,1.0000,-0.0001,0.0098,-0.0009,0.0014,0.0027,-0.2877,0
12658784,1.0000,-0.0001,0.0098,-0.0009,-0.0169,-0.0015,-0.2783,0
12658950,1.0000,-0.0001,0.0099,-0.0009,0.0014,0.0020,-0.2912,0
12659117,1.0000,-0.0001,0.0099,-0.0009,-0.0008,0.0064,-0.2825,0
12659284,1.0000,-0.0001,0.0099,-0.0009,0.0053,0.0100,-0.2883,0
12659450,1.0000,-0.0001,0.0099,-0.0009,0.0109,-0.0009,-0.3112,0
12659617,1.0000,-0.0001,0.0099,-0.0009,-0.0031,0.0204,-0.2772,0
12659784,1.0000,-0.0001,0.0099,-0.0010,-0.0053,0.0244,-0.2778,0
12659950,1.0000,-0.0001,0.0099,-0.0010,0.0006,0.0097,-0.2722,0
12660117,1.0000,-0.0001,0.0099,-0.0010,0.0047,0.0214,-0.2733,0
12660284,1.0000,-0.0001,0.0099,-0.0010,-0.0131,0.0121,-0.2829,0
12660450,1.0000,-0.0001,0.0099,-0.0010,0.0066,0.0297,-0.2843,0
12660617,1.0000,-0.0001,0.0099,-0.0010,0.0033,0.0116,-0.2850,0
12660784,1.0000,-0.0001,0.0099,-0.0010,-0.0002,0.0209,-0.2698,0
12660950,1.0000,-0.0001,0.0099,-0.0010,-0.0027,0.0217,-0.2904,0
12661117,1.0000,-0.0001,0.0099,-0.0010,-0.0052,0.0097,-0.2807,0
12661284,1.0000,-0.0001,0.0099,-0.0010,0.0057,0.0279,-0.2970,0
12661450,1.0000,-0.0001,0.0099,-0.0009,-0.0075,0.0096,-0.2974,0
12661617,1.0000,-0.0001,0.0099,-0.0010,-0.0028,0.0088,-0.2873,0
12661784,1.0000,-0.0001,0.0099,-0.0010,0.0033,0.0181,-0.2880,0
12661950,1.0000,-0.0001,0.0099,-0.0010,0.0047,0.0127,-0.3005,0
12662117,1.0000,-0.0001,0.0099,-0.0010,0.0004,0.0129,-0.2744,0
12662284,1.0000,-0.0001,0.0099,-0.0010,-0.0040,0.0061,-0.3046,0
12662450,1.0000,-0.0001,0.0099,-0.0009,0.0015,0.0231,-0.2679,0
12662617,1.0000,-0.0001,0.0099,-0.0009,0.0109,0.0121,-0.2884,0
12662784,1.0000,-0.0001,0.0099,-0.0009,0.0046,0.0057,-0.2929,0
12662950,1.0000,-0.0002,0.0099,-0.0009,0.0152,0.0130,-0.2964,0
12663117,1.0000,-0.0002,0.0099,-0.0009,-0.0021,0.0235,-0.2946,0
12663284,1.0000,-0.0002,0.0099,-0.0009,-0.0027,0.0133,-0.2948,0
12663450,1.0000,-0.0001,0.0099,-0.0010,0.0095,0.0182,-0.2841,0
12663617,1.0000,-0.0001,0.0099,-0.0010,0.0131,0.0084,-0.2896,0
12663784,1.0000,-0.0001,0.0099,-0.0010,0.0035,0.0130,-0.2746,0
12663950,1.0000,-0.0001,0.0099,-0.0010,-0.0013,0.0215,-0.3049,0
12664117,1.0000,-0.0001,0.0099,-0.0010,0.0049,0.0172,-0.2851,0
12664284,1.0000,0.0001,0.0097,-0.0008,0.0052,0.0081,-0.2881,0
12664450,1.0000,0.0001,0.0097,-0.0008,-0.0006,0.0089,-0.2753,0
12664617,1.0000,0.0000,0.0097,-0.0008,-0.0130,0.0142,-0.2926,0
12664784,1.0000,0.0000,0.0097,-0.0007,-0.0155,0.0033,-0.2760,0
12664950,1.0000,0.0000,0.0097,-0.0007,-0.0114,0.0105,-0.2985,0
12665117,1.0000,0.0000,0.0097,-0.0007,-0.0069,0.0152,-0.2913,0
12665284,1.0000,0.0000,0.0097,-0.0006,-0.0031,0.0008,-0.2768,0
12665450,1.0000,0.0000,0.0097,-0.0007,-0.0083,-0.0016,-0.2563,0
12665617,1.0000,0.0000,0.0097,-0.0006,0.0033,0.0151,-0.2879,0
12665784,1.0000,0.0000,0.0097,-0.0006,-0.0010,0.0061,-0.2921,0
12665950,1.0000,-0.0000,0.0097,-0.0006,-0.0050,0.0167,-0.2918,0
12666117,1.0000,-0.0000,0.0097,-0.0007,-0.0021,0.0121,-0.2871,0
12666284,1.0000,-0.0000,0.0097,-0.0006,-0.0022,0.0046,-0.2989,0
12666451,1.0000,-0.0000,0.0097,-0.0007,-0.0080,0.0050,-0.3060,0
12666617,1.0000,-0.0000,0.0097,-0.0007,-0.0040,0.0224,-0.2902,0
12666784,1.0000,-0.0000,0.0097,-0.0007,0.0053,0.0118,-0.3012,0
12666951,1.0000,-0.0000,0.0097,-0.0007,-0.0061,0.0188,-0.2883,0
12667117,1.0000,-0.0000,0.0097,-0.0007,0.0118,0.0055,-0.3038,0
12667284,1.0000,0.0000,0.0097,-0.0007,0.0153,0.0164,-0.2586,0
12667451,1.0000,-0.0000,0.0097,-0.0007,-0.0065,0.0185,-0.2926,0
12667617,1.0000,-0.0000,0.0097,-0.0007,-0.0018,0.0093,-0.2798,0
12667784,1.0000,-0.0000,0.0097,-0.0007,0.0055,0.0103,-0.2854,0
12667951,1.0000,-0.0000,0.0097,-0.0007,0.0012,0.0229,-0.2959,0
12668117,1.0000,-0.0000,0.0097,-0.0007,-0.0035,0.0112,-0.2756,0
12668284,1.0000,-0.0000,0.0097,-0.0007,-0.0092,0.0113,-0.2673,0
12668451,1.0000,-0.0000,0.0097,-0.0007,0.0063,0.0061,-0.2804,0
12668617,1.0000,-0.0000,0.0097,-0.0007,0.0062,0.0231,-0.2707,0
12668784,1.0000,-0.0000,0.0097,-0.0007,0.0051,0.0019,-0.3036,0
12668951,1.0000,-0.0000,0.0097,-0.0007,-0.0023,0.0025,-0.2865,0
12669117,1.0000,-0.0000,0.0097,-0.0008,-0.0133,0.0143,-0.2839,0
12669284,1.0000,-0.0000,0.0097,-0.0008,-0.0016,0.0090,-0.2682,0
12669451,1.0000,0.0000,0.0097,-0.0008,-0.0122,0.0252,-0.3069,0
12669617,1.0000,-0.0000,0.0097,-0.0008,-0.0048,0.0095,-0.2616,0
12669784,1.0000,-0.0000,0.0097,-0.0008,-0.0095,0.0243,-0.2791,0
12669951,1.0000,0.0000,0.0097,-0.0008,-0.0166,0.0112,-0.2943,0
12670117,1.0000,0.0000,0.0097,-0.0008,-0.0157,0.0130,-0.3162,0
12670284,1.0000,0.0000,0.0097,-0.0008,-0.0070,0.0156,-0.2907,0
12670451,1.0000,0.0000,0.0097,-0.0009,-0.0031,0.0226,-0.3097,0
12670617,1.0000,0.0000,0.0097,-0.0008,0.0064,0.0200,-0.2942,0
12670784,1.0000,0.0000,0.0097,-0.0009,-0.0047,0.0186,-0.2961,0
12670951,1.0000,0.0000,0.0097,-0.0009,-0.0007,-0.0007,-0.2952,0
12671117,1.0000,0.0000,0.0097,-0.0009,0.0058,0.0129,-0.2790,0
12671284,1.0000,0.0000,0.0097,-0.0009,-0.0017,0.0056,-0.2862,0
12671451,1.0000,0.0000,0.0097,-0.0009,-0.0036,0.0065,-0.2855,0
12671617,1.0000,0.0000,0.0097,-0.0009,-0.0031,0.0186,-0.2915,0
12671784,1.0000,0.0000,0.0097,-0.0009,0.0081,0.0098,-0.2906,0
12671951,1.0000,0.0000,0.0097,-0.0008,0.0034,0.0200,-0.2874,0
12672117,1.0000,0.0000,0.0097,-0.0008,0.0099,0.0152,-0.2843,0
12672284,1.0000,0.0000,0.0097,-0.0007,-0.0061,0.0072,-0.2858,0
12672451,1.0000,0.0000,0.0097,-0.0007,0.0050,0.0179,-0.2936,0
12672617,1.0000,0.0000,0.0097,-0.0007,0.0067,0.0259,-0.2845,0
12672784,1.0000,0.0000,0.0097,-0.0008,-0.0009,0.0220,-0.2850,0
12672951,1.0000,0.0000,0.0097,-0.0008,0.0076,0.0212,-0.2886,0
12673117,1.0000,0.0000,0.0097,-0.0009,-0.0084,0.0088,-0.2978,0
12673284,1.0000,0.0000,0.0097,-0.0009,0.0052,0.0252,-0.3032,0
12673451,1.0000,0.0000,0.0097,-0.0009,-0.0098,0.0077,-0.2832,0
12673617,1.0000,0.0001,0.0097,-0.0009,-0.0008,0.0086,-0.3062,0
12673784,1.0000,0.0000,0.0097,-0.0009,0.0081,0.0218,-0.2786,0
12673951,1.0000,0.0000,0.0097,-0.0008,-0.0053,0.0235,-0.3066,0
12674117,1.0000,0.0001,0.0097,-0.0008,-0.0031,0.0174,-0.2969,0
12674284,1.0000,0.0001,0.0097,-0.0008,-0.0011,0.0117,-0.2843,0
12674451,1.0000,0.0001,0.0097,-0.0008,0.0104,0.0087,-0.2841,0
12674617,1.0000,0.0001,0.0097,-0.0009,0.0123,0.0089,-0.2926,0
12674784,1.0000,0.0001,0.0097,-0.0009,-0.0021,0.0128,-0.2909,0
12674951,1.0000,0.0001,0.0097,-0.0009,-0.0056,0.0107,-0.2990,0
12675117,1.0000,0.0001,0.0097,-0.0009,0.0007,0.0086,-0.2644,0
12675284,1.0000,0.0001,0.0097,-0.0009,0.0009,0.0148,-0.2878,0
12675451,1.0000,0.0001,0.0097,-0.0009,-0.0045,0.0166,-0.2742,0
12675617,1.0000,0.0001,0.0097,-0.0010,-0.0000,0.0144,-0.2966,0
12675784,1.0000,0.0001,0.0097,-0.0010,0.0008,0.0159,-0.2810,0
12675951,1.0000,0.0001,0.0097,-0.0011,-0.0018,0.0063,-0.2780,0
12676117,1.0000,0.0001,0.0097,-0.0011,-0.0038,0.0013,-0.3154,0
12676284,1.0000,0.0001,0.0097,-0.0010,-0.0046,0.0245,-0.2954,0
12676451,1.0000,0.0001,0.0097,-0.0010,0.0059,0.0061,-0.2921,0
12676617,1.0000,0.0001,0.0097,-0.0010,0.0070,0.0169,-0.2988,0
12676784,1.0000,0.0001,0.0097,-0.0010,0.0077,0.0116,-0.2801,0
12676951,1.0000,0.0001,0.0097,-0.0010,-0.0102,0.0224,-0.2987,0
12677117,1.0000,0.0001,0.0097,-0.0010,-0.0091,0.0181,-0.3009,0
12677284,1.0000,0.0001,0.0097,-0.0010,-0.0020,0.0171,-0.2691,0
12677451,1.0000,0.0001,0.0097,-0.0010,0.0046,0.0166,-0.2935,0
12677617,1.0000,0.0001,0.0097,-0.0010,0.0051,0.0175,-0.3044,0
12677784,1.0000,0.0001,0.0097,-0.0009,-0.0021,0.0157,-0.2960,0
12677951,1.0000,0.0001,0.0097,-0.0008,-0.0083,0.0104,-0.2797,0
12678117,1.0000,0.0001,0.0097,-0.0009,0.0008,0.0110,-0.2811,0
12678284,1.0000,0.0001,0.0097,-0.0008,0.0094,0.0034,-0.2922,0
12678451,1.0000,0.0001,0.0097,-0.0009,0.0132,0.0174,-0.3025,0
12678617,1.0000,0.0001,0.0097,-0.0009,0.0000,0.0138,-0.2853,0
12678784,1.0000,0.0001,0.0097,-0.0009,-0.0094,0.0117,-0.2857,0
12678951,1.0000,0.0001,0.0097,-0.0009,-0.0133,-0.0032,-0.2871,0
12679117,1.0000,0.0001,0.0097,-0.0009,0.0026,0.0380,-0.2704,0
12679284,1.0000,0.0001,0.0097,-0.0009,0.0074,0.0187,-0.3538,0
12679451,1.0000,0.0001,0.0097,-0.0009,-0.0174,-0.0197,-0.2283,0
12679617,1.0000,0.0001,0.0097,-0.0009,-0.0094,0.0038,-0.3094,0
12679784,1.0000,0.0001,0.0097,-0.0010,0.0177,0.0259,-0.2825,0
12679951,1.0000,0.0001,0.0097,-0.0010,0.0017,0.0155,-0.2914,0
12680117,1.0000,0.0001,0.0097,-0.0008,-0.0020,0.0102,-0.2783,0
12680284,1.0000,0.0001,0.0097,-0.0008,-0.0026,-0.0233,-0.2867,0
12680451,1.0000,0.0001,0.0097,-0.0007,0.0013,0.0094,-0.3074,0
12680617,1.0000,0.0001,0.0097,-0.0007,-0.0051,0.0096,-0.3190,0
12680784,1.0000,0.0001,0.0097,-0.0007,0.0183,0.0099,-0.2770,0
12680951,1.0000,0.0001,0.0097,-0.0007,-0.0010,-0.0088,-0.2678,0
12681117,1.0000,0.0001,0.0097,-0.0007,-0.0147,0.0028,-0.2777,0
12681284,1.0000,0.0001,0.0097,-0.0007,0.0160,0.0196,-0.2895,0
12681451,1.0000,0.0001,0.0097,-0.0007,-0.0076,0.0048,-0.3053,0
12681617,1.0000,0.0001,0.0097,-0.0007,-0.0076,-0.0154,-0.2746,0
12681784,1.0000,0.0001,0.0097,-0.0007,0.0029,-0.0052,-0.2885,0
12681951,1.0000,0.0001,0.0097,-0.0008,-0.0182,0.0006,-0.2736,0
12682117,1.0000,0.0001,0.0097,-0.0008,0.0017,0.0150,-0.2993,0
12682284,1.0000,0.0001,0.0097,-0.0007,0.0016,0.0090,-0.2668,0
12682451,1.0000,0.0001,0.0097,-0.0007,0.0025,-0.0113,-0.3003,0
12682617,1.0000,0.0001,0.0097,-0.0007,0.0012,0.0085,-0.3016,0
12682784,1.0000,0.0001,0.0097,-0.0008,-0.0034,0.0185,-0.2876,0
12682951,1.0000,0.0001,0.0097,-0.0008,0.0094,0.0127,-0.2796,0
12683118,1.0000,0.0001,0.0097,-0.0008,-0.0009,0.0129,-0.2905,0
12683284,1.0000,0.0001,0.0097,-0.0007,-0.0033,0.0068,-0.2798,0
12683451,1.0000,0.0000,0.0097,-0.0007,0.0074,0.0147,-0.2949,0
12683618,1.0000,0.0000,0.0097,-0.0008,0.0136,0.0015,-0.2739,0
12683784,1.0000,0.0000,0.0097,-0.0008,0.0013,0.0034,-0.3118,0
12683951,1.0000,0.0000,0.0097,-0.0008,-0.0066,-0.0073,-0.2930,0
12684118,1.0000,0.0000,0.0097,-0.0008,-0.0010,0.0144,-0.3197,0
12684284,1.0000,0.0001,0.0097,-0.0007,0.0168,0.0253,-0.2695,0
12684451,1.0000,0.0001,0.0097,-0.0007,0.0049,0.0227,-0.3244,0
12684618,1.0000,0.0001,0.0097,-0.0007,-0.0111,-0.0076,-0.2519,0
12684784,1.0000,0.0001,0.0097,-0.0007,-0.0083,0.0027,-0.2960,0
12684951,1.0000,0.0001,0.0097,-0.0007,0.0070,0.0315,-0.2929,0
12685118,1.0000,0.0001,0.0097,-0.0006,0.0065,0.0141,-0.2729,0
12685284,1.0000,0.0001,0.0097,-0.0006,-0.0014,0.0016,-0.2927,0
12685451,1.0000,0.0001,0.0097,-0.0007,-0.0072,0.0093,-0.2670,0
12685618,1.0000,0.0001,0.0097,-0.0007,-0.0121,0.0154,-0.2857,0
12685784,1.0000,0.0000,0.0097,-0.0007,0.0339,0.0289,-0.3004,0
12685951,1.0000,0.0000,0.0097,-0.0007,0.0081,0.0113,-0.2874,0
12686118,1.0000,0.0001,0.0097,-0.0007,-0.0120,0.0028,-0.2747,0
12686284,1.0000,0.0001,0.0097,-0.0007,0.0105,0.0093,-0.2692,0
12686451,1.0000,0.0001,0.0097,-0.0007,0.0080,0.0206,-0.2742,0
12686618,1.0000,0.0001,0.0097,-0.0007,-0.0097,0.0246,-0.2866,0
12686784,1.0000,0.0001,0.0097,-0.0007,0.0004,-0.0019,-0.2960,0
12686951,1.0000,0.0001,0.0097,-0.0007,-0.0184,0.0072,-0.3012,0
12687118,1.0000,0.0001,0.0097,-0.0008,0.0042,0.0098,-0.2882,0
12687284,1.0000,0.0001,0.0097,-0.0007,0.0232,0.0352,-0.2996,0
12687451,1.0000,0.0001,0.0097,-0.0007,0.0008,0.0063,-0.2457,0
12687618,1.0000,0.0001,0.0097,-0.0007,-0.0259,-0.0006,-0.2836,0
12687784,1.0000,0.0001,0.0097,-0.0007,-0.0238,0.0295,-0.2651,0
12687951,1.0000,0.0001,0.0097,-0.0007,0.0213,0.0186,-0.3079,0
12688118,1.0000,0.0001,0.0097,-0.0007,0.0239,0.0342,-0.2914,0
12688284,1.0000,0.0001,0.0097,-0.0007,-0.0066,0.0141,-0.2950,0
12688451,1.0000,0.0001,0.0097,-0.0007,-0.0231,-0.0052,-0.2667,0
12688618,1.0000,0.0001,0.0097,-0.0007,-0.0087,0.0270,-0.2867,0
12688784,1.0000,0.0001,0.0097,-0.0008,0.0251,0.0186,-0.2783,0
12688951,1.0000,0.0001,0.0097,-0.0008,0.0054,0.0121,-0.2880,0
12689118,1.0000,0.0001,0.0097,-0.0008,-0.0128,-0.0033,-0.2769,0
12689284,1.0000,0.0001,0.0097,-0.0008,-0.0131,0.0037,-0.2974,0
12689451,1.0000,0.0001,0.0097,-0.0008,0.0281,0.0324,-0.2859,0
12689618,1.0000,0.0001,0.0097,-0.0008,-0.0028,0.0124,-0.2773,0
12689784,1.0000,0.0001,0.0097,-0.0008,-0.0100,-0.0042,-0.2898,0
12689951,1.0000,0.0001,0.0097,-0.0008,-0.0248,0.0110,-0.2902,0
12690118,1.0000,0.0001,0.0097,-0.0008,0.0137,0.0152,-0.2691,0
12690284,1.0000,0.0001,0.0097,-0.0008,0.0171,0.0172,-0.2948,0
12690451,1.0000,0.0001,0.0097,-0.0009,-0.0191,0.0036,-0.2850,0
12690618,1.0000,0.0001,0.0097,-0.0009,-0.0064,-0.0171,-0.2576,0
12690784,1.0000,0.0001,0.0097,-0.0009,-0.0067,0.0034,-0.2835,0
12690951,1.0000,0.0001,0.0097,-0.0009,0.0143,0.0243,-0.2570,0
12691118,1.0000,0.0001,0.0097,-0.0009,0.0076,0.0011,-0.3222,0
12691284,1.0000,0.0001,0.0097,-0.0009,-0.0106,0.0109,-0.2611,0
12691451,1.0000,0.0001,0.0097,-0.0009,-0.0126,0.0101,-0.2873,0
12691618,1.0000,0.0001,0.0097,-0.0010,0.0117,0.0110,-0.2861,0
12691784,1.0000,0.0001,0.0097,-0.0010,0.0184,0.0146,-0.2762,0
12691951,1.0000,0.0001,0.0097,-0.0010,0.0014,-0.0018,-0.2809,0
12692118,1.0000,0.0001,0.0097,-0.0011,-0.0185,-0.0078,-0.3021,0
12692284,1.0000,0.0001,0.0097,-0.0011,-0.0027,0.0141,-0.2734,0
12692451,1.0000,0.0001,0.0097,-0.0011,0.0203,0.0073,-0.3096,0
12692618,1.0000,0.0001,0.0097,-0.0011,0.0088,0.0209,-0.2970,0
12692784,1.0000,0.0001,0.0097,-0.0011,-0.0104,0.0039,-0.2742,0
12692951,1.0000,0.0001,0.0097,-0.0012,-0.0037,0.0053,-0.2859,0
12693118,1.0000,0.0001,0.0097,-0.0011,0.0025,0.0106,-0.2909,0
12693284,1.0000,0.0001,0.0097,-0.0012,0.0055,0.0103,-0.2987,0
12693451,1.0000,0.0001,0.0097,-0.0012,0.0006,0.0052,-0.3085,0
12693618,1.0000,0.0001,0.0097,-0.0012,-0.0122,0.0025,-0.2979,0
12693784,1.0000,0.0001,0.0097,-0.0012,0.0072,0.0241,-0.3092,0
12693951,1.0000,0.0001,0.0097,-0.0012,0.0026,0.0155,-0.2499,0
12694118,1.0000,0.0001,0.0097,-0.0013,0.0018,0.0017,-0.2814,0
12694284,1.0000,0.0001,0.0097,-0.0013,-0.0156,-0.0063,-0.2843,0
12694451,1.0000,0.0001,0.0097,-0.0012,-0.0195,0.0145,-0.2828,0
12694618,1.0000,0.0001,0.0097,-0.0012,-0.0078,0.0068,-0.2952,0
12694784,1.0000,0.0001,0.0097,-0.0012,0.0087,0.0031,-0.2936,0
12694951,1.0000,0.0001,0.0097,-0.0012,-0.0055,0.0007,-0.2782,0
12695118,1.0000,0.0001,0.0097,-0.0012,-0.0070,0.0107,-0.2928,0
12695284,1.0000,0.0001,0.0097,-0.0011,-0.0035,0.0092,-0.2956,0
12695451,1.0000,0.0001,0.0097,-0.0011,-0.0075,0.0154,-0.2948,0
12695618,1.0000,0.0002,0.0097,-0.0011,-0.0129,0.0122,-0.2722,0
12695784,1.0000,0.0002,0.0097,-0.0011,0.0103,0.0102,-0.2849,0
12695951,1.0000,0.0002,0.0097,-0.0011,0.0081,0.0056,-0.2733,0
12696118,1.0000,0.0002,0.0097,-0.0011,-0.0092,0.0125,-0.2759,0
12696284,1.0000,0.0002,0.0097,-0.0011,-0.0015,0.0108,-0.2729,0
12696451,1.0000,0.0002,0.0097,-0.0010,-0.0010,0.0068,-0.2947,0
12696618,1.0000,0.0002,0.0097,-0.0010,-0.0041,0.0251,-0.2852,0
12696784,1.0000,0.0002,0.0097,-0.0010,0.0033,0.0155,-0.2839,0
12696951,1.0000,0.0002,0.0097,-0.0011,0.0037,0.0099,-0.2820,0
12697118,1.0000,0.0002,0.0097,-0.0010,0.0039,0.0207,-0.2828,0
12697284,1.0000,0.0002,0.0097,-0.0011,-0.0071,-0.0045,-0.2877,0
12697451,1.0000,0.0002,0.0097,-0.0011,-0.0048,0.0137,-0.2759,0
12697618,1.0000,0.0002,0.0097,-0.0011,0.0024,0.0032,-0.2790,0
12697784,1.0000,0.0002,0.0097,-0.0010,0.0054,0.0256,-0.2934,0
12697951,1.0000,0.0002,0.0097,-0.0010,-0.0056,0.0209,-0.2756,0
12698118,1.0000,0.0002,0.0097,-0.0010,-0.0067,0.0075,-0.2959,0
12698284,1.0000,0.0002,0.0097,-0.0011,-0.0011,0.0097,-0.2804,0
12698451,1.0000,0.0002,0.0097,-0.0011,0.0060,-0.0041,-0.2930,0
12698618,1.0000,0.0002,0.0097,-0.0011,0.0102,0.0098,-0.3031,0
12698784,1.0000,0.0002,0.0097,-0.0011,-0.0114,0.0116,-0.3150,0
12698951,1.0000,0.0002,0.0097,-0.0011,-0.0074,-0.0062,-0.2800,0
12699118,1.0000,0.0002,0.0097,-0.0011,0.0067,0.0176,-0.2784,0
12699284,1.0000,0.0002,0.0097,-0.0011,-0.0071,0.0173,-0.2667,0
12699451,1.0000,0.0002,0.0097,-0.0011,-0.0028,0.0183,-0.2994,0
12699618,1.0000,0.0002,0.0097,-0.0011,-0.0079,0.0057,-0.2888,0
12699785,1.0000,0.0002,0.0097,-0.0011,-0.0039,-0.0019,-0.3074,0
12699951,1.0000,0.0002,0.0097,-0.0011,-0.0040,0.0069,-0.2953,0
12700118,1.0000,0.0002,0.0097,-0.0011,-0.0081,0.0036,-0.2728,0
12700285,1.0000,0.0002,0.0097,-0.0011,-0.0147,0.0020,-0.3074,0
12700451,1.0000,0.0002,0.0097,-0.0011,0.0019,0.0005,-0.2632,0
12700618,1.0000,0.0002,0.0097,-0.0011,0.0003,0.0031,-0.2772,0
12700785,1.0000,0.0002,0.0097,-0.0011,-0.0074,0.0139,-0.2958,0
12700951,1.0000,0.0002,0.0097,-0.0011,-0.0002,0.0074,-0.2734,0
12701118,1.0000,0.0002,0.0097,-0.0011,-0.0080,0.0191,-0.3097,0
12701285,1.0000,0.0002,0.0097,-0.0012,-0.0116,0.0169,-0.2821,0
12701451,1.0000,0.0002,0.0097,-0.0011,0.0006,0.0094,-0.2983,0
12701618,1.0000,0.0002,0.0097,-0.0012,-0.0008,-0.0013,-0.2874,0
12701785,1.0000,0.0002,0.0097,-0.0012,0.0117,0.0108,-0.2906,0
12701951,1.0000,0.0002,0.0098,-0.0012,0.0052,0.0091,-0.2917,0
12702118,1.0000,0.0002,0.0098,-0.0012,0.0068,0.0072,-0.3109,0
12702285,1.0000,0.0002,0.0098,-0.0012,0.0027,0.0049,-0.2747,0
12702451,1.0000,0.0002,0.0098,-0.0012,0.0142,0.0171,-0.2673,0
12702618,1.0000,0.0002,0.0098,-0.0012,-0.0101,0.0103,-0.2621,0
12702785,1.0000,0.0002,0.0098,-0.0012,-0.0001,0.0154,-0.2741,0
12702951,1.0000,0.0002,0.0098,-0.0013,-0.0086,0.0066,-0.2985,0
12703118,1.0000,0.0002,0.0098,-0.0012,-0.0148,0.0004,-0.2878,0
12703285,1.0000,0.0002,0.0098,-0.0012,0.0109,-0.0032,-0.2745,0
12703451,1.0000,0.0002,0.0098,-0.0012,0.0122,0.0024,-0.2937,0
12703618,1.0000,0.0003,0.0098,-0.0013,0.0100,0.0197,-0.2953,0
12703785,1.0000,0.0002,0.0098,-0.0013,-0.0024,0.0107,-0.2649,0
12703951,1.0000,0.0002,0.0098,-0.0013,-0.0155,0.0033,-0.2939,0
12704118,1.0000,0.0002,0.0098,-0.0012,0.0031,0.0063,-0.2782,0
12704285,1.0000,0.0001,0.0098,-0.0012,0.0030,0.0147,-0.2853,0
12704451,1.0000,0.0001,0.0098,-0.0012,0.0031,-0.0040,-0.3012,0
12704618,1.0000,0.0001,0.0098,-0.0012,-0.0010,0.0091,-0.2507,0
12704785,1.0000,0.0001,0.0098,-0.0012,0.0077,0.0077,-0.3128,0
12704951,1.0000,0.0001,0.0098,-0.0011,-0.0054,0.0075,-0.2848,0
12705118,1.0000,0.0001,0.0098,-0.0011,-0.0027,0.0050,-0.3116,0
12705285,1.0000,0.0001,0.0098,-0.0011,0.0034,0.0122,-0.2939,0
12705451,1.0000,0.0001,0.0098,-0.0011,-0.0058,0.0075,-0.2977,0
12705618,1.0000,0.0001,0.0098,-0.0012,0.0099,-0.0011,-0.2785,0
12705785,1.0000,0.0001,0.0098,-0.0012,-0.0194,0.0020,-0.3188,0
12705951,1.0000,0.0001,0.0098,-0.0012,-0.0029,0.0159,-0.2841,0
12706118,1.0000,0.0002,0.0098,-0.0011,-0.0010,0.0008,-0.2947,0
12706285,1.0000,0.0002,0.0098,-0.0011,0.0089,0.0063,-0.2873,0
12706451,1.0000,0.0002,0.0098,-0.0011,-0.0226,0.0062,-0.2943,0
12706618,1.0000,0.0002,0.0098,-0.0011,0.0087,0.0171,-0.2796,0
12706785,1.0000,0.0002,0.0098,-0.0011,0.0107,0.0182,-0.3039,0
12706951,1.0000,0.0002,0.0098,-0.0011,-0.0140,0.0048,-0.2824,0
12707118,1.0000,0.0002,0.0098,-0.0011,-0.0059,0.0109,-0.2632,0
12707285,1.0000,0.0002,0.0098,-0.0011,0.0026,0.0095,-0.2912,0
12707451,1.0000,0.0002,0.0098,-0.0011,-0.0016,0.0012,-0.2768,0
12707618,1.0000,0.0002,0.0097,-0.0011,-0.0067,0.0235,-0.2726,0
12707785,1.0000,0.0002,0.0098,-0.0012,0.0017,0.0117,-0.3115,0
12707951,1.0000,0.0002,0.0098,-0.0012,-0.0005,0.0041,-0.2623,0
12708118,1.0000,0.0002,0.0098,-0.0012,0.0060,0.0147,-0.2856,0
12708285,1.0000,0.0002,0.0098,-0.0012,-0.0113,0.0066,-0.2709,0
12708451,1.0000,0.0002,0.0098,-0.0012,0.0028,0.0107,-0.3139,0
12708618,1.0000,0.0002,0.0098,-0.0012,-0.0061,-0.0023,-0.2699,0
12708785,1.0000,0.0002,0.0098,-0.0012,0.0092,0.0134,-0.3015,0
12708951,1.0000,0.0002,0.0098,-0.0012,-0.0102,0.0028,-0.2835,0
12709118,1.0000,0.0002,0.0098,-0.0011,0.0037,0.0196,-0.2656,0
12709285,1.0000,0.0002,0.0098,-0.0012,-0.0062,0.0158,-0.2719,0
12709451,1.0000,0.0002,0.0098,-0.0011,-0.0083,0.0028,-0.2760,0
12709618,1.0000,0.0002,0.0098,-0.0012,0.0074,0.0063,-0.2765,0
