DeviceTag: Movella DOT1,FirmwareVersion: 3.0.0,AppVersion: 2023.6.0,SyncStatus: Unknown (Synced/Un-synced),OutputRate: 60,FilterProfile: Unknown,Measurement Mode: Sensor fusion Mode - Extended (Euler),StartTime: 2026-04-02 15:07:02.795,© Movella Technologies B.V. 2005-2026
SampleTimeFine,Quat_W,Quat_X,Quat_Y,Quat_Z,FreeAcc_X,FreeAcc_Y,FreeAcc_Z,Status
16129775,0.5712,-0.0022,0.0013,0.8208,0.0052,-0.0059,-0.1319,0
16129942,0.5714,-0.0023,0.0015,0.8206,0.0008,-0.0060,-0.1404,0
16130108,0.5713,-0.0023,0.0018,0.8207,-0.0064,-0.0004,-0.1317,0
16130275,0.5715,-0.0023,0.0020,0.8206,0.0063,0.0139,-0.1232,0
16130442,0.5717,-0.0022,0.0021,0.8204,0.0227,0.0072,-0.0994,0
16130608,0.5718,-0.0023,0.0022,0.8204,0.0092,0.0112,-0.1121,0
16130775,0.5719,-0.0023,0.0023,0.8203,0.0142,0.0161,-0.1272,0
16130942,0.5720,-0.0022,0.0024,0.8203,0.0174,0.0161,-0.1519,0
16131108,0.5720,-0.0022,0.0026,0.8202,0.0086,0.0155,-0.1148,0
16131275,0.5722,-0.0022,0.0027,0.8201,0.0103,0.0261,-0.1260,0
16131442,0.5721,-0.0022,0.0028,0.8202,0.0171,0.0199,-0.1254,0
16131608,0.5721,-0.0022,0.0029,0.8201,0.0228,0.0210,-0.1314,0
16131775,0.5722,-0.0022,0.0030,0.8201,0.0206,0.0243,-0.1184,0
16131942,0.5722,-0.0022,0.0032,0.8201,0.0172,0.0275,-0.1384,0
16132108,0.5722,-0.0021,0.0033,0.8201,0.0091,0.0298,-0.0861,0
16132275,0.5723,-0.0021,0.0034,0.8200,0.0229,0.0399,-0.1416,0
16132442,0.5724,-0.0021,0.0035,0.8200,0.0359,0.0312,-0.0929,0
16132609,0.5725,-0.0020,0.0037,0.8199,0.0398,0.0400,-0.1319,0
16132775,0.5726,-0.0020,0.0038,0.8198,0.0354,0.0478,-0.0804,0
16132942,0.5726,-0.0020,0.0039,0.8198,0.0393,0.0425,-0.1214,0
16133109,0.5727,-0.0020,0.0040,0.8197,0.0366,0.0495,-0.1121,0
16133275,0.5727,-0.0019,0.0042,0.8197,0.0276,0.0545,-0.1121,0
16133442,0.5728,-0.0019,0.0043,0.8197,0.0387,0.0606,-0.1318,0
16133609,0.5728,-0.0019,0.0044,0.8197,0.0407,0.0597,-0.1221,0
16133775,0.5729,-0.0019,0.0045,0.8196,0.0436,0.0458,-0.1183,0
16133942,0.5730,-0.0019,0.0046,0.8196,0.0451,0.0426,-0.1255,0
16134109,0.5731,-0.0018,0.0048,0.8195,0.0435,0.0437,-0.1167,0
16134275,0.5731,-0.0018,0.0049,0.8194,0.0393,0.0531,-0.1283,0
16134442,0.5731,-0.0018,0.0050,0.8194,0.0296,0.0584,-0.1126,0
16134609,0.5733,-0.0018,0.0052,0.8194,0.0372,0.0473,-0.1180,0
16134775,0.5735,-0.0018,0.0053,0.8192,0.0535,0.0606,-0.1002,0
16134942,0.5735,-0.0017,0.0054,0.8192,0.0641,0.0559,-0.1154,0
16135109,0.5736,-0.0017,0.0056,0.8191,0.0445,0.0571,-0.0880,0
16135275,0.5736,-0.0017,0.0057,0.8191,0.0497,0.0659,-0.1115,0
16135442,0.5737,-0.0017,0.0058,0.8190,0.0576,0.0620,-0.1233,0
16135609,0.5738,-0.0016,0.0059,0.8190,0.0545,0.0717,-0.1202,0
16135775,0.5738,-0.0016,0.0061,0.8189,0.0704,0.0635,-0.1242,0
16135942,0.5739,-0.0016,0.0062,0.8189,0.0547,0.0751,-0.1127,0
16136109,0.5739,-0.0016,0.0063,0.8189,0.0667,0.0702,-0.1254,0
16136275,0.5740,-0.0015,0.0065,0.8188,0.0595,0.0666,-0.1372,0
16136442,0.5741,-0.0015,0.0066,0.8187,0.0602,0.0781,-0.1268,0
16136609,0.5742,-0.0015,0.0067,0.8187,0.0686,0.0778,-0.1145,0
16136775,0.5742,-0.0015,0.0069,0.8187,0.0620,0.0887,-0.1328,0
16136942,0.5743,-0.0014,0.0070,0.8186,0.0746,0.0782,-0.1082,0
16137109,0.5743,-0.0014,0.0071,0.8186,0.0800,0.0912,-0.1316,0
16137275,0.5744,-0.0014,0.0073,0.8186,0.0837,0.0739,-0.0916,0
16137442,0.5745,-0.0014,0.0074,0.8185,0.0755,0.0884,-0.0972,0
16137609,0.5745,-0.0014,0.0075,0.8185,0.0767,0.0965,-0.1180,0
16137775,0.5746,-0.0014,0.0076,0.8184,0.0821,0.0876,-0.0802,0
16137942,0.5746,-0.0013,0.0078,0.8184,0.0943,0.1017,-0.1191,0
16138109,0.5747,-0.0013,0.0079,0.8183,0.0896,0.1012,-0.1300,0
16138275,0.5748,-0.0013,0.0080,0.8183,0.0842,0.0978,-0.1084,0
16138442,0.5748,-0.0013,0.0082,0.8183,0.0898,0.0976,-0.1060,0
16138609,0.5748,-0.0012,0.0083,0.8182,0.0879,0.0951,-0.1342,0
16138775,0.5749,-0.0012,0.0084,0.8182,0.0846,0.0932,-0.1000,0
16138942,0.5749,-0.0012,0.0085,0.8181,0.0971,0.1032,-0.1206,0
16139109,0.5750,-0.0012,0.0087,0.8181,0.0992,0.1036,-0.1054,0
16139275,0.5751,-0.0012,0.0088,0.8181,0.1014,0.0943,-0.1342,0
16139442,0.5752,-0.0011,0.0089,0.8180,0.1035,0.1080,-0.1255,0
16139609,0.5752,-0.0011,0.0091,0.8179,0.1004,0.1116,-0.1185,0
16139775,0.5753,-0.0011,0.0092,0.8179,0.1080,0.1095,-0.1154,0
16139942,0.5754,-0.0011,0.0093,0.8179,0.1142,0.1199,-0.1037,0
16140109,0.5754,-0.0011,0.0094,0.8178,0.1183,0.1028,-0.1281,0
16140275,0.5755,-0.0010,0.0096,0.8178,0.1154,0.1189,-0.1156,0
16140442,0.5755,-0.0010,0.0097,0.8177,0.1095,0.1248,-0.1198,0
16140609,0.5756,-0.0010,0.0098,0.8177,0.1140,0.1250,-0.1139,0
16140775,0.5756,-0.0010,0.0099,0.8176,0.1067,0.1175,-0.0967,0
16140942,0.5757,-0.0010,0.0100,0.8176,0.1281,0.1306,-0.1132,0
16141109,0.5758,-0.0010,0.0102,0.8175,0.1187,0.1332,-0.1160,0
16141275,0.5759,-0.0009,0.0103,0.8175,0.1255,0.1325,-0.1435,0
16141442,0.5759,-0.0009,0.0104,0.8174,0.1253,0.1418,-0.1172,0
16141609,0.5760,-0.0009,0.0105,0.8174,0.1125,0.1268,-0.1297,0
16141775,0.5761,-0.0009,0.0106,0.8173,0.1145,0.1268,-0.1158,0
16141942,0.5761,-0.0009,0.0107,0.8173,0.1139,0.1430,-0.1198,0
16142109,0.5762,-0.0009,0.0109,0.8172,0.1284,0.1332,-0.1186,0
16142275,0.5763,-0.0008,0.0110,0.8172,0.1317,0.1329,-0.1075,0
16142442,0.5763,-0.0008,0.0111,0.8172,0.1280,0.1415,-0.1207,0
16142609,0.5764,-0.0008,0.0112,0.8171,0.1319,0.1468,-0.1264,0
16142775,0.5764,-0.0008,0.0113,0.8171,0.1336,0.1446,-0.1200,0
16142942,0.5765,-0.0008,0.0114,0.8170,0.1489,0.1306,-0.1346,0
16143109,0.5765,-0.0007,0.0116,0.8170,0.1275,0.1540,-0.1007,0
16143275,0.5766,-0.0007,0.0117,0.8169,0.1224,0.1495,-0.1132,0
16143442,0.5767,-0.0007,0.0118,0.8169,0.1369,0.1623,-0.1269,0
16143609,0.5768,-0.0007,0.0119,0.8168,0.1361,0.1558,-0.1205,0
16143775,0.5768,-0.0007,0.0120,0.8168,0.1384,0.1511,-0.0994,0
16143942,0.5769,-0.0007,0.0121,0.8168,0.1529,0.1398,-0.1102,0
16144109,0.5769,-0.0006,0.0122,0.8167,0.1440,0.1503,-0.0914,0
16144275,0.5770,-0.0006,0.0123,0.8167,0.1391,0.1631,-0.1380,0
16144442,0.5770,-0.0006,0.0124,0.8166,0.1407,0.1580,-0.1143,0
16144609,0.5771,-0.0006,0.0125,0.8166,0.1372,0.1530,-0.1329,0
16144775,0.5772,-0.0006,0.0126,0.8165,0.1412,0.1709,-0.1039,0
16144942,0.5773,-0.0006,0.0127,0.8164,0.1472,0.1764,-0.1371,0
16145109,0.5773,-0.0005,0.0128,0.8164,0.1633,0.1640,-0.1029,0
16145275,0.5774,-0.0005,0.0129,0.8164,0.1436,0.1650,-0.1307,0
16145442,0.5775,-0.0005,0.0130,0.8163,0.1580,0.1710,-0.1085,0
16145609,0.5775,-0.0005,0.0131,0.8163,0.1604,0.1626,-0.1345,0
16145775,0.5776,-0.0005,0.0132,0.8162,0.1559,0.1704,-0.0920,0
16145942,0.5776,-0.0005,0.0133,0.8162,0.1628,0.1594,-0.1117,0
16146109,0.5777,-0.0004,0.0134,0.8161,0.1560,0.1756,-0.1076,0
16146275,0.5778,-0.0004,0.0135,0.8161,0.1635,0.1623,-0.1296,0
16146442,0.5778,-0.0004,0.0135,0.8160,0.1635,0.1731,-0.1138,0
16146609,0.5779,-0.0004,0.0136,0.8160,0.1752,0.1595,-0.1449,0
16146775,0.5779,-0.0004,0.0137,0.8160,0.1665,0.1789,-0.1120,0
16146942,0.5780,-0.0004,0.0138,0.8159,0.1661,0.1702,-0.1187,0
16147109,0.5781,-0.0004,0.0139,0.8159,0.1700,0.1806,-0.1018,0
16147275,0.5781,-0.0004,0.0140,0.8158,0.1697,0.1941,-0.1129,0
16147442,0.5782,-0.0003,0.0140,0.8158,0.1790,0.1749,-0.1115,0
16147609,0.5783,-0.0003,0.0141,0.8157,0.1658,0.1889,-0.1126,0
16147775,0.5783,-0.0003,0.0142,0.8157,0.1559,0.1953,-0.1325,0
16147942,0.5784,-0.0003,0.0143,0.8156,0.1753,0.1827,-0.1256,0
16148109,0.5784,-0.0003,0.0143,0.8156,0.1691,0.1922,-0.1279,0
16148275,0.5785,-0.0003,0.0144,0.8155,0.1602,0.1900,-0.1589,0
16148442,0.5786,-0.0003,0.0145,0.8155,0.1812,0.1776,-0.1201,0
16148609,0.5787,-0.0003,0.0146,0.8154,0.1712,0.1898,-0.1144,0
16148775,0.5787,-0.0003,0.0146,0.8154,0.1696,0.1886,-0.1160,0
16148942,0.5788,-0.0002,0.0147,0.8153,0.1729,0.2035,-0.1257,0
16149109,0.5789,-0.0002,0.0148,0.8153,0.1758,0.1904,-0.1351,0
16149276,0.5790,-0.0002,0.0148,0.8152,0.1717,0.1998,-0.1129,0
16149442,0.5790,-0.0002,0.0149,0.8152,0.1836,0.1917,-0.1225,0
16149609,0.5789,-0.0020,0.0012,0.8154,-0.0001,0.0118,-0.1133,0
16149776,0.5789,-0.0020,0.0012,0.8154,0.0128,0.0009,-0.1302,0
16149942,0.5788,-0.0021,0.0012,0.8155,0.0226,0.0069,-0.0976,0
16150109,0.5788,-0.0021,0.0012,0.8155,0.0009,-0.0038,-0.1287,0
16150276,0.5787,-0.0021,0.0012,0.8155,-0.0227,0.0039,-0.1053,0
16150442,0.5787,-0.0021,0.0012,0.8156,0.0048,-0.0077,-0.1469,0
16150609,0.5787,-0.0021,0.0012,0.8156,0.0057,0.0149,-0.1304,0
16150776,0.5786,-0.0021,0.0012,0.8156,-0.0058,-0.0092,-0.1018,0
16150942,0.5786,-0.0021,0.0012,0.8156,-0.0050,-0.0103,-0.1142,0
16151109,0.5785,-0.0021,0.0012,0.8157,0.0001,0.0017,-0.1427,0
16151276,0.5785,-0.0021,0.0012,0.8157,-0.0119,-0.0092,-0.1140,0
16151442,0.5784,-0.0021,0.0012,0.8157,0.0007,0.0134,-0.1174,0
16151609,0.5784,-0.0021,0.0012,0.8157,0.0018,0.0143,-0.1031,0
16151776,0.5784,-0.0021,0.0012,0.8158,0.0065,0.0017,-0.1247,0
16151942,0.5783,-0.0021,0.0012,0.8158,0.0027,0.0111,-0.1045,0
16152109,0.5783,-0.0021,0.0012,0.8158,0.0127,-0.0019,-0.1341,0
16152276,0.5783,-0.0021,0.0012,0.8158,-0.0091,-0.0073,-0.1202,0
16152442,0.5782,-0.0021,0.0012,0.8159,0.0021,0.0000,-0.1409,0
16152609,0.5782,-0.0021,0.0012,0.8159,0.0011,-0.0079,-0.1101,0
16152776,0.5781,-0.0021,0.0012,0.8159,0.0050,-0.0020,-0.1215,0
16152942,0.5781,-0.0021,0.0012,0.8160,-0.0010,0.0050,-0.1027,0
16153109,0.5781,-0.0021,0.0012,0.8160,0.0022,-0.0025,-0.1324,0
16153276,0.5780,-0.0021,0.0012,0.8160,0.0045,0.0129,-0.1054,0
16153442,0.5780,-0.0021,0.0012,0.8160,-0.0080,-0.0043,-0.1252,0
16153609,0.5780,-0.0021,0.0012,0.8161,0.0015,0.0096,-0.1027,0
16153776,0.5779,-0.0021,0.0012,0.8161,0.0075,0.0057,-0.1346,0
16153942,0.5779,-0.0021,0.0012,0.8161,-0.0062,-0.0051,-0.1062,0
16154109,0.5779,-0.0021,0.0012,0.8161,-0.0071,0.0128,-0.1101,0
16154276,0.5778,-0.0021,0.0012,0.8162,-0.0068,0.0025,-0.1165,0
16154442,0.5778,-0.0021,0.0012,0.8162,-0.0098,-0.0040,-0.1249,0
16154609,0.5778,-0.0021,0.0012,0.8162,0.0145,0.0072,-0.1109,0
16154776,0.5777,-0.0021,0.0012,0.8162,0.0056,-0.0039,-0.1181,0
16154942,0.5777,-0.0021,0.0012,0.8162,-0.0037,0.0143,-0.1221,0
16155109,0.5777,-0.0021,0.0012,0.8163,-0.0102,0.0089,-0.1337,0
16155276,0.5776,-0.0021,0.0012,0.8163,-0.0034,0.0094,-0.1109,0
16155442,0.5776,-0.0021,0.0012,0.8163,-0.0038,0.0100,-0.1192,0
16155609,0.5776,-0.0021,0.0012,0.8163,-0.0027,-0.0024,-0.1327,0
16155776,0.5775,-0.0021,0.0012,0.8164,-0.0026,0.0006,-0.1269,0
16155942,0.5775,-0.0021,0.0012,0.8164,0.0018,-0.0046,-0.1076,0
16156109,0.5775,-0.0021,0.0012,0.8164,0.0070,0.0121,-0.1140,0
16156276,0.5775,-0.0021,0.0012,0.8164,0.0003,-0.0085,-0.0809,0
16156442,0.5774,-0.0021,0.0012,0.8164,-0.0039,-0.0046,-0.0973,0
16156609,0.5774,-0.0021,0.0012,0.8165,-0.0107,-0.0008,-0.1232,0
16156776,0.5774,-0.0021,0.0012,0.8165,-0.0057,-0.0046,-0.1165,0
16156942,0.5773,-0.0021,0.0012,0.8165,-0.0060,0.0003,-0.1144,0
16157109,0.5773,-0.0021,0.0012,0.8165,-0.0113,0.0040,-0.1245,0
16157276,0.5773,-0.0021,0.0012,0.8165,-0.0024,-0.0079,-0.1034,0
16157442,0.5773,-0.0021,0.0012,0.8166,-0.0027,0.0085,-0.0939,0
16157609,0.5772,-0.0021,0.0012,0.8166,-0.0155,-0.0067,-0.1229,0
16157776,0.5772,-0.0021,0.0012,0.8166,-0.0049,-0.0051,-0.1083,0
16157942,0.5772,-0.0021,0.0012,0.8166,0.0025,-0.0037,-0.1021,0
16158109,0.5771,-0.0021,0.0012,0.8166,0.0068,0.0007,-0.1047,0
16158276,0.5771,-0.0021,0.0012,0.8167,-0.0128,0.0076,-0.1345,0
16158442,0.5771,-0.0021,0.0012,0.8167,0.0031,-0.0087,-0.1148,0
16158609,0.5771,-0.0021,0.0012,0.8167,-0.0003,0.0010,-0.1248,0
16158776,0.5770,-0.0021,0.0012,0.8167,-0.0083,-0.0129,-0.1115,0
16158942,0.5770,-0.0021,0.0012,0.8167,0.0039,-0.0021,-0.0931,0
16159109,0.5770,-0.0021,0.0012,0.8167,-0.0040,-0.0033,-0.1054,0
16159276,0.5770,-0.0021,0.0012,0.8168,-0.0082,0.0160,-0.1054,0
16159442,0.5769,-0.0021,0.0012,0.8168,0.0027,0.0058,-0.1162,0
16159609,0.5769,-0.0021,0.0012,0.8168,-0.0022,0.0041,-0.1258,0
16159776,0.5769,-0.0022,0.0012,0.8168,0.0007,-0.0027,-0.1285,0
16159942,0.5769,-0.0022,0.0012,0.8168,-0.0076,0.0085,-0.1191,0
16160109,0.5768,-0.0022,0.0012,0.8169,0.0038,-0.0086,-0.1271,0
16160276,0.5768,-0.0022,0.0012,0.8169,0.0084,-0.0020,-0.1045,0
16160442,0.5768,-0.0022,0.0012,0.8169,-0.0125,-0.0053,-0.1200,0
16160609,0.5768,-0.0022,0.0012,0.8169,0.0068,0.0064,-0.1114,0
16160776,0.5767,-0.0022,0.0012,0.8169,0.0078,0.0016,-0.1223,0
16160942,0.5767,-0.0022,0.0012,0.8169,0.0024,0.0098,-0.1050,0
16161109,0.5767,-0.0022,0.0013,0.8169,0.0006,0.0098,-0.1518,0
16161276,0.5767,-0.0022,0.0013,0.8170,0.0004,0.0101,-0.1273,0
16161442,0.5767,-0.0022,0.0013,0.8170,0.0027,-0.0046,-0.1012,0
16161609,0.5767,-0.0022,0.0013,0.8170,0.0101,0.0007,-0.1097,0
16161776,0.5766,-0.0022,0.0013,0.8170,-0.0114,0.0025,-0.1271,0
16161942,0.5766,-0.0022,0.0013,0.8170,-0.0047,0.0042,-0.1172,0
16162109,0.5766,-0.0022,0.0013,0.8170,-0.0052,0.0082,-0.1104,0
16162276,0.5766,-0.0022,0.0013,0.8170,-0.0011,0.0022,-0.1234,0
16162442,0.5766,-0.0022,0.0013,0.8171,0.0141,-0.0059,-0.1089,0
16162609,0.5765,-0.0022,0.0013,0.8171,0.0039,-0.0076,-0.1189,0
16162776,0.5765,-0.0022,0.0013,0.8171,0.0064,0.0044,-0.1256,0
16162942,0.5765,-0.0022,0.0013,0.8171,0.0092,0.0004,-0.1151,0
16163109,0.5765,-0.0022,0.0013,0.8171,-0.0097,-0.0014,-0.0945,0
16163276,0.5764,-0.0022,0.0013,0.8171,-0.0168,0.0099,-0.1045,0
16163442,0.5764,-0.0022,0.0013,0.8171,-0.0080,-0.0014,-0.1187,0
16163609,0.5764,-0.0022,0.0013,0.8172,0.0016,-0.0065,-0.1229,0
16163776,0.5764,-0.0022,0.0013,0.8172,-0.0172,0.0041,-0.1152,0
16163942,0.5764,-0.0022,0.0013,0.8172,-0.0078,0.0043,-0.1204,0
16164109,0.5764,-0.0022,0.0013,0.8172,-0.0050,-0.0016,-0.1044,0
16164276,0.5763,-0.0022,0.0013,0.8172,0.0119,-0.0009,-0.1440,0
16164442,0.5763,-0.0022,0.0013,0.8172,-0.0044,-0.0048,-0.1372,0
16164609,0.5763,-0.0022,0.0013,0.8172,0.0142,0.0007,-0.1165,0
16164776,0.5763,-0.0022,0.0013,0.8172,0.0002,-0.0008,-0.1353,0
16164942,0.5763,-0.0022,0.0013,0.8172,0.0048,-0.0049,-0.1175,0
16165109,0.5763,-0.0022,0.0013,0.8173,-0.0088,0.0072,-0.1076,0
16165276,0.5763,-0.0022,0.0013,0.8173,-0.0016,-0.0009,-0.1323,0
16165442,0.5762,-0.0022,0.0013,0.8173,-0.0137,-0.0010,-0.1312,0
16165609,0.5762,-0.0022,0.0013,0.8173,-0.0002,0.0021,-0.1340,0
16165776,0.5762,-0.0022,0.0013,0.8173,0.0030,0.0137,-0.1218,0
16165943,0.5762,-0.0022,0.0013,0.8173,-0.0095,0.0074,-0.1488,0
16166109,0.5762,-0.0022,0.0013,0.8173,-0.0002,0.0009,-0.1207,0
16166276,0.5761,-0.0022,0.0014,0.8174,-0.0007,0.0043,-0.1381,0
16166443,0.5761,-0.0022,0.0014,0.8174,-0.0101,0.0064,-0.1237,0
16166609,0.5761,-0.0022,0.0014,0.8174,-0.0033,0.0121,-0.1357,0
16166776,0.5761,-0.0022,0.0014,0.8174,-0.0070,0.0097,-0.1188,0
16166943,0.5761,-0.0022,0.0013,0.8174,-0.0038,0.0063,-0.1097,0
16167109,0.5761,-0.0022,0.0014,0.8174,-0.0123,0.0131,-0.0975,0
16167276,0.5760,-0.0022,0.0014,0.8174,-0.0094,-0.0045,-0.1322,0
16167443,0.5760,-0.0023,0.0014,0.8174,-0.0069,0.0105,-0.0964,0
16167609,0.5760,-0.0022,0.0013,0.8174,-0.0079,0.0081,-0.1150,0
16167776,0.5760,-0.0022,0.0014,0.8174,-0.0058,0.0058,-0.1356,0
16167943,0.5760,-0.0022,0.0013,0.8175,0.0006,0.0038,-0.1124,0
16168109,0.5760,-0.0022,0.0013,0.8175,-0.0037,0.0100,-0.0926,0
16168276,0.5760,-0.0022,0.0013,0.8175,-0.0057,0.0100,-0.1111,0
16168443,0.5760,-0.0023,0.0013,0.8175,0.0012,0.0009,-0.1336,0
16168609,0.5759,-0.0022,0.0013,0.8175,-0.0029,0.0061,-0.1136,0
16168776,0.5759,-0.0023,0.0013,0.8175,-0.0111,0.0097,-0.0946,0
16168943,0.5759,-0.0023,0.0013,0.8175,0.0003,-0.0040,-0.1367,0
16169109,0.5759,-0.0023,0.0013,0.8175,-0.0014,-0.0009,-0.1261,0
16169276,0.5759,-0.0023,0.0013,0.8175,0.0002,0.0092,-0.1296,0
16169443,0.5759,-0.0023,0.0013,0.8175,0.0020,-0.0025,-0.1093,0
16169609,0.5759,-0.0021,0.0012,0.8175,0.0056,-0.0020,-0.1029,0
16169776,0.5759,-0.0021,0.0012,0.8175,0.0072,-0.0033,-0.0988,0
16169943,0.5759,-0.0021,0.0012,0.8175,-0.0128,0.0102,-0.1205,0
16170109,0.5758,-0.0021,0.0012,0.8176,-0.0111,-0.0011,-0.1128,0
16170276,0.5758,-0.0021,0.0012,0.8176,-0.0039,0.0009,-0.1358,0
16170443,0.5758,-0.0021,0.0012,0.8176,0.0083,-0.0108,-0.1192,0
16170609,0.5758,-0.0021,0.0012,0.8176,-0.0157,-0.0107,-0.1266,0
16170776,0.5758,-0.0021,0.0012,0.8176,-0.0052,-0.0140,-0.1223,0
16170943,0.5758,-0.0021,0.0012,0.8176,-0.0015,-0.0036,-0.1022,0
16171109,0.5758,-0.0021,0.0013,0.8176,-0.0007,0.0137,-0.1201,0
16171276,0.5758,-0.0021,0.0012,0.8176,0.0070,0.0094,-0.0942,0
16171443,0.5757,-0.0021,0.0012,0.8176,-0.0012,0.0096,-0.1204,0
16171609,0.5757,-0.0021,0.0012,0.8176,0.0011,-0.0138,-0.1327,0
16171776,0.5757,-0.0021,0.0012,0.8177,-0.0004,0.0175,-0.1046,0
16171943,0.5757,-0.0021,0.0012,0.8177,0.0036,0.0020,-0.0912,0
16172109,0.5757,-0.0021,0.0012,0.8177,-0.0043,0.0017,-0.1028,0
16172276,0.5757,-0.0021,0.0012,0.8177,-0.0014,0.0095,-0.1205,0
16172443,0.5757,-0.0021,0.0012,0.8177,0.0057,-0.0054,-0.1259,0
16172609,0.5757,-0.0021,0.0012,0.8177,-0.0195,-0.0080,-0.1356,0
16172776,0.5756,-0.0021,0.0012,0.8177,0.0070,0.0005,-0.1203,0
16172943,0.5756,-0.0021,0.0012,0.8177,0.0202,0.0009,-0.1170,0
16173109,0.5756,-0.0021,0.0012,0.8177,0.0055,0.0035,-0.1002,0
16173276,0.5756,-0.0021,0.0012,0.8177,0.0090,0.0054,-0.1148,0
16173443,0.5756,-0.0021,0.0012,0.8177,0.0002,-0.0087,-0.1253,0
16173609,0.5756,-0.0021,0.0012,0.8177,-0.0020,-0.0024,-0.0997,0
16173776,0.5756,-0.0021,0.0012,0.8178,-0.0108,0.0029,-0.1282,0
16173943,0.5756,-0.0021,0.0012,0.8178,-0.0075,-0.0068,-0.1126,0
16174109,0.5755,-0.0021,0.0012,0.8178,0.0039,-0.0084,-0.1182,0
16174276,0.5755,-0.0021,0.0012,0.8178,-0.0009,0.0041,-0.1077,0
16174443,0.5755,-0.0021,0.0012,0.8178,0.0098,-0.0042,-0.1269,0
16174609,0.5755,-0.0021,0.0012,0.8178,-0.0037,-0.0037,-0.1182,0
16174776,0.5755,-0.0021,0.0012,0.8178,-0.0043,0.0003,-0.1378,0
16174943,0.5755,-0.0021,0.0012,0.8178,-0.0035,0.0012,-0.1096,0
16175109,0.5755,-0.0021,0.0012,0.8178,-0.0038,-0.0051,-0.1134,0
16175276,0.5754,-0.0021,0.0012,0.8178,-0.0075,-0.0008,-0.1359,0
16175443,0.5754,-0.0021,0.0012,0.8178,-0.0085,0.0123,-0.1175,0
16175609,0.5754,-0.0021,0.0012,0.8179,0.0014,-0.0036,-0.1075,0
16175776,0.5754,-0.0021,0.0012,0.8179,0.0002,-0.0097,-0.1116,0
16175943,0.5754,-0.0021,0.0012,0.8179,0.0108,-0.0009,-0.0899,0
16176109,0.5754,-0.0021,0.0012,0.8179,0.0028,-0.0013,-0.1178,0
16176276,0.5754,-0.0021,0.0012,0.8179,0.0076,-0.0062,-0.1042,0
16176443,0.5754,-0.0021,0.0012,0.8179,0.0085,-0.0024,-0.0914,0
16176609,0.5754,-0.0021,0.0012,0.8179,0.0001,0.0088,-0.1014,0
16176776,0.5754,-0.0021,0.0012,0.8179,-0.0005,0.0031,-0.1038,0
16176943,0.5754,-0.0021,0.0012,0.8179,-0.0027,0.0107,-0.1269,0
16177109,0.5754,-0.0021,0.0012,0.8179,0.0006,-0.0004,-0.1105,0
16177276,0.5754,-0.0021,0.0012,0.8179,0.0050,-0.0094,-0.1265,0
16177443,0.5753,-0.0021,0.0012,0.8179,0.0010,-0.0032,-0.1135,0
16177609,0.5753,-0.0021,0.0012,0.8179,-0.0091,0.0071,-0.1361,0
16177776,0.5753,-0.0021,0.0012,0.8179,0.0079,-0.0080,-0.1070,0
16177943,0.5753,-0.0021,0.0012,0.8179,-0.0002,0.0080,-0.1361,0
16178109,0.5753,-0.0021,0.0012,0.8179,-0.0065,-0.0001,-0.0989,0
16178276,0.5753,-0.0021,0.0012,0.8179,0.0010,-0.0019,-0.1428,0
16178443,0.5753,-0.0021,0.0012,0.8179,-0.0041,0.0090,-0.1052,0
16178609,0.5753,-0.0021,0.0012,0.8180,-0.0016,-0.0014,-0.1351,0
16178776,0.5753,-0.0021,0.0012,0.8180,-0.0063,0.0014,-0.1278,0
16178943,0.5753,-0.0021,0.0012,0.8180,-0.0102,-0.0098,-0.1195,0
16179109,0.5753,-0.0021,0.0012,0.8180,0.0107,-0.0086,-0.1039,0
16179276,0.5752,-0.0022,0.0012,0.8180,-0.0005,-0.0079,-0.0976,0
16179443,0.5752,-0.0021,0.0012,0.8180,-0.0006,0.0087,-0.1307,0
16179609,0.5752,-0.0021,0.0012,0.8180,0.0016,0.0045,-0.1122,0
16179776,0.5752,-0.0021,0.0012,0.8180,-0.0014,0.0026,-0.1074,0
16179943,0.5752,-0.0021,0.0012,0.8180,0.0007,-0.0049,-0.1262,0
16180109,0.5752,-0.0022,0.0012,0.8180,-0.0057,-0.0021,-0.1162,0
16180276,0.5752,-0.0021,0.0012,0.8180,-0.0021,0.0090,-0.1504,0
16180443,0.5752,-0.0021,0.0012,0.8180,-0.0053,0.0089,-0.1268,0
16180609,0.5752,-0.0022,0.0012,0.8180,-0.0012,0.0070,-0.1203,0
16180776,0.5752,-0.0022,0.0012,0.8180,0.0147,0.0047,-0.1053,0
16180943,0.5752,-0.0022,0.0012,0.8180,-0.0009,0.0025,-0.1243,0
16181109,0.5751,-0.0022,0.0012,0.8181,0.0064,-0.0015,-0.1162,0
16181276,0.5751,-0.0022,0.0012,0.8181,-0.0014,0.0169,-0.1015,0
16181443,0.5751,-0.0022,0.0012,0.8181,0.0070,0.0036,-0.1210,0
16181609,0.5751,-0.0022,0.0012,0.8181,0.0030,0.0006,-0.1212,0
16181776,0.5751,-0.0022,0.0012,0.8181,0.0042,0.0057,-0.1038,0
16181943,0.5751,-0.0022,0.0012,0.8181,-0.0066,-0.0164,-0.1205,0
16182109,0.5751,-0.0022,0.0012,0.8181,-0.0016,0.0071,-0.1048,0
16182276,0.5751,-0.0022,0.0012,0.8181,0.0024,-0.0012,-0.1078,0
16182443,0.5751,-0.0022,0.0012,0.8181,0.0075,0.0070,-0.0990,0
16182610,0.5751,-0.0022,0.0013,0.8181,0.0005,0.0087,-0.0957,0
16182776,0.5751,-0.0022,0.0013,0.8181,0.0081,-0.0036,-0.1215,0
16182943,0.5751,-0.0022,0.0013,0.8181,-0.0067,0.0131,-0.1139,0
16183110,0.5750,-0.0022,0.0013,0.8181,0.0145,0.0011,-0.1282,0
16183276,0.5750,-0.0022,0.0012,0.8181,-0.0154,-0.0051,-0.1218,0
16183443,0.5750,-0.0022,0.0012,0.8181,-0.0103,0.0060,-0.1159,0
16183610,0.5750,-0.0022,0.0013,0.8181,0.0082,0.0022,-0.1084,0
16183776,0.5750,-0.0022,0.0012,0.8181,-0.0022,0.0108,-0.1387,0
16183943,0.5750,-0.0022,0.0013,0.8181,0.0085,-0.0055,-0.1079,0
16184110,0.5750,-0.0022,0.0012,0.8182,0.0004,0.0004,-0.1245,0
16184276,0.5750,-0.0022,0.0012,0.8182,0.0058,0.0011,-0.1119,0
16184443,0.5750,-0.0022,0.0012,0.8182,0.0099,0.0091,-0.1344,0
16184610,0.5750,-0.0022,0.0012,0.8182,-0.0079,-0.0065,-0.1085,0
16184776,0.5750,-0.0022,0.0012,0.8182,-0.0094,-0.0056,-0.1091,0
16184943,0.5750,-0.0022,0.0012,0.8182,-0.0155,0.0065,-0.1166,0
16185110,0.5750,-0.0022,0.0012,0.8182,-0.0085,-0.0100,-0.1447,0
16185276,0.5750,-0.0022,0.0012,0.8182,0.0046,-0.0007,-0.1121,0
16185443,0.5750,-0.0022,0.0012,0.8182,0.0008,-0.0018,-0.1403,0
16185610,0.5750,-0.0022,0.0012,0.8182,-0.0059,-0.0049,-0.0957,0
16185776,0.5750,-0.0022,0.0012,0.8182,-0.0038,-0.0085,-0.1220,0
16185943,1.0000,-0.0003,0.0025,0.0000,0.0058,0.0063,-0.1092,0
16186110,1.0000,-0.0003,0.0025,0.0000,-0.0109,0.0009,-0.1164,0
16186276,1.0000,-0.0003,0.0025,0.0000,0.0014,0.0157,-0.1007,0
16186443,1.0000,-0.0003,0.0025,0.0000,0.0050,-0.0059,-0.1407,0
16186610,1.0000,-0.0003,0.0025,0.0001,0.0141,0.0043,-0.1266,0
16186776,1.0000,-0.0003,0.0025,0.0001,-0.0002,-0.0075,-0.1231,0
16186943,1.0000,-0.0003,0.0025,0.0001,0.0080,0.0007,-0.1318,0
16187110,1.0000,-0.0003,0.0025,0.0001,-0.0052,0.0092,-0.1409,0
16187276,1.0000,-0.0003,0.0025,0.0001,-0.0007,0.0076,-0.1136,0
16187443,1.0000,-0.0003,0.0025,0.0001,0.0031,0.0070,-0.1174,0
16187610,1.0000,-0.0003,0.0025,0.0001,0.0042,0.0070,-0.1167,0
16187776,1.0000,-0.0003,0.0025,0.0002,0.0060,0.0059,-0.1454,0
16187943,1.0000,-0.0003,0.0025,0.0002,0.0161,-0.0161,-0.1353,0
16188110,1.0000,-0.0003,0.0025,0.0002,0.0011,-0.0004,-0.0977,0
16188276,1.0000,-0.0003,0.0025,0.0002,0.0023,0.0001,-0.1293,0
16188443,1.0000,-0.0003,0.0025,0.0002,0.0184,0.0062,-0.1290,0
16188610,1.0000,-0.0003,0.0025,0.0002,-0.0019,-0.0032,-0.1130,0
16188776,1.0000,-0.0003,0.0025,0.0002,0.0027,0.0021,-0.1033,0
16188943,1.0000,-0.0003,0.0025,0.0002,0.0209,-0.0029,-0.1002,0
16189110,1.0000,-0.0003,0.0025,0.0002,-0.0026,0.0081,-0.1157,0
16189276,1.0000,-0.0003,0.0025,0.0002,0.0142,0.0010,-0.1036,0
16189443,1.0000,-0.0003,0.0025,0.0002,0.0101,0.0079,-0.1380,0
16189610,1.0000,-0.0002,0.0025,0.0002,0.0070,-0.0021,-0.1187,0
16189776,1.0000,-0.0002,0.0025,0.0003,0.0041,0.0043,-0.1317,0
16189943,1.0000,-0.0002,0.0025,0.0003,-0.0036,0.0116,-0.1237,0
16190110,1.0000,-0.0002,0.0025,0.0003,-0.0031,0.0019,-0.1270,0
16190276,1.0000,-0.0002,0.0025,0.0003,0.0060,-0.0067,-0.1265,0
16190443,1.0000,-0.0002,0.0025,0.0003,-0.0010,-0.0070,-0.1225,0
16190610,1.0000,-0.0002,0.0025,0.0003,0.0012,-0.0004,-0.1042,0
16190776,1.0000,-0.0002,0.0025,0.0003,-0.0034,-0.0011,-0.1086,0
16190943,1.0000,-0.0002,0.0025,0.0003,-0.0009,-0.0056,-0.1155,0
16191110,1.0000,-0.0002,0.0025,0.0003,0.0015,0.0080,-0.1040,0
16191276,1.0000,-0.0002,0.0025,0.0003,0.0047,0.0181,-0.1182,0
16191443,1.0000,-0.0002,0.0025,0.0003,-0.0027,0.0055,-0.1152,0
16191610,1.0000,-0.0002,0.0025,0.0004,0.0120,0.0078,-0.1258,0
16191776,1.0000,-0.0002,0.0025,0.0003,-0.0225,0.0106,-0.1267,0
16191943,1.0000,-0.0002,0.0025,0.0004,0.0055,0.0054,-0.1319,0
16192110,1.0000,-0.0002,0.0025,0.0004,0.0110,0.0150,-0.0913,0
16192276,1.0000,-0.0002,0.0025,0.0004,-0.0079,0.0086,-0.1647,0
16192443,1.0000,-0.0002,0.0025,0.0004,0.0056,0.0099,-0.1272,0
16192610,1.0000,-0.0002,0.0025,0.0004,-0.0023,0.0000,-0.1204,0
16192776,1.0000,-0.0002,0.0025,0.0004,0.0040,0.0030,-0.1091,0
16192943,1.0000,-0.0002,0.0025,0.0004,0.0046,0.0025,-0.1189,0
16193110,1.0000,-0.0002,0.0025,0.0004,-0.0120,0.0014,-0.1183,0
16193276,1.0000,-0.0001,0.0025,0.0004,0.0068,0.0041,-0.0881,0
16193443,1.0000,-0.0002,0.0025,0.0004,-0.0009,0.0107,-0.1080,0
16193610,1.0000,-0.0002,0.0025,0.0005,0.0008,-0.0006,-0.1266,0
16193776,1.0000,-0.0002,0.0025,0.0005,0.0004,-0.0020,-0.1302,0
16193943,1.0000,-0.0002,0.0025,0.0005,-0.0072,-0.0034,-0.1414,0
16194110,1.0000,-0.0002,0.0025,0.0005,0.0045,0.0017,-0.1147,0
16194276,1.0000,-0.0002,0.0025,0.0005,0.0071,0.0037,-0.1198,0
16194443,1.0000,-0.0002,0.0025,0.0005,0.0021,-0.0104,-0.1360,0
16194610,1.0000,-0.0001,0.0025,0.0005,-0.0087,-0.0091,-0.0843,0
16194776,1.0000,-0.0001,0.0025,0.0005,0.0175,-0.0035,-0.1234,0
16194943,1.0000,-0.0001,0.0025,0.0005,0.0095,-0.0059,-0.0943,0
16195110,1.0000,-0.0001,0.0025,0.0005,-0.0037,0.0012,-0.1354,0
16195276,1.0000,-0.0001,0.0025,0.0005,0.0091,0.0069,-0.0961,0
16195443,1.0000,-0.0002,0.0025,0.0005,0.0025,-0.0088,-0.1222,0
16195610,1.0000,-0.0002,0.0025,0.0005,-0.0064,-0.0024,-0.0997,0
16195776,1.0000,-0.0002,0.0025,0.0005,0.0036,-0.0030,-0.1355,0
16195943,1.0000,-0.0002,0.0025,0.0005,0.0089,0.0120,-0.1094,0
16196110,1.0000,-0.0002,0.0025,0.0005,0.0007,0.0016,-0.1294,0
16196276,1.0000,-0.0002,0.0025,0.0005,0.0059,0.0052,-0.1029,0
16196443,1.0000,-0.0001,0.0025,0.0005,0.0067,-0.0065,-0.1389,0
16196610,1.0000,-0.0002,0.0025,0.0005,-0.0034,-0.0103,-0.1093,0
16196776,1.0000,-0.0002,0.0025,0.0006,0.0039,0.0060,-0.1293,0
16196943,1.0000,-0.0002,0.0025,0.0006,-0.0074,0.0055,-0.1238,0
16197110,1.0000,-0.0002,0.0025,0.0006,-0.0007,0.0036,-0.1168,0
16197276,1.0000,-0.0001,0.0025,0.0006,0.0007,0.0136,-0.1222,0
16197443,1.0000,-0.0001,0.0025,0.0006,0.0106,-0.0016,-0.1197,0
16197610,1.0000,-0.0001,0.0025,0.0006,0.0043,0.0041,-0.1111,0
16197776,1.0000,-0.0001,0.0025,0.0006,0.0012,0.0095,-0.1104,0
16197943,1.0000,-0.0001,0.0025,0.0006,0.0075,0.0064,-0.1049,0
16198110,1.0000,-0.0001,0.0025,0.0006,0.0048,-0.0136,-0.1145,0
16198276,1.0000,-0.0001,0.0025,0.0006,0.0040,-0.0125,-0.0923,0
16198443,1.0000,-0.0001,0.0025,0.0006,-0.0029,0.0036,-0.1183,0
16198610,1.0000,-0.0001,0.0025,0.0006,0.0042,-0.0022,-0.1342,0
16198776,1.0000,-0.0001,0.0025,0.0006,0.0073,-0.0079,-0.1190,0
16198943,1.0000,-0.0001,0.0025,0.0006,0.0008,0.0028,-0.1136,0
16199110,1.0000,-0.0001,0.0025,0.0006,0.0043,0.0081,-0.0947,0
16199277,1.0000,-0.0001,0.0025,0.0006,0.0031,-0.0067,-0.1296,0
16199443,1.0000,-0.0001,0.0025,0.0006,-0.0095,-0.0119,-0.1299,0
16199610,1.0000,-0.0001,0.0025,0.0006,0.0078,-0.0047,-0.1109,0
16199777,1.0000,-0.0001,0.0025,0.0006,0.0036,-0.0117,-0.1281,0
16199943,1.0000,-0.0001,0.0025,0.0006,0.0058,-0.0002,-0.1230,0
16200110,1.0000,-0.0001,0.0025,0.0007,0.0018,-0.0082,-0.1132,0
16200277,1.0000,-0.0001,0.0025,0.0007,0.0123,0.0023,-0.1072,0
16200443,1.0000,-0.0001,0.0025,0.0007,-0.0023,0.0052,-0.1121,0
16200610,1.0000,-0.0001,0.0025,0.0007,-0.0059,-0.0004,-0.1209,0
16200777,1.0000,-0.0001,0.0025,0.0007,0.0206,0.0065,-0.1307,0
16200943,1.0000,-0.0001,0.0025,0.0007,0.0015,0.0034,-0.1312,0
16201110,1.0000,-0.0001,0.0025,0.0007,-0.0029,0.0019,-0.1025,0
16201277,1.0000,-0.0001,0.0025,0.0007,0.0014,-0.0124,-0.1210,0
16201443,1.0000,-0.0001,0.0025,0.0007,-0.0036,-0.0086,-0.1210,0
16201610,1.0000,-0.0001,0.0025,0.0007,0.0056,0.0059,-0.1327,0
16201777,1.0000,-0.0001,0.0025,0.0007,0.0059,-0.0128,-0.1123,0
16201943,1.0000,-0.0001,0.0025,0.0007,0.0094,0.0080,-0.1278,0
16202110,1.0000,-0.0001,0.0025,0.0007,-0.0015,-0.0115,-0.1141,0
16202277,1.0000,-0.0001,0.0025,0.0007,0.0093,-0.0015,-0.1316,0
16202443,1.0000,-0.0001,0.0025,0.0007,0.0101,-0.0050,-0.1164,0
16202610,1.0000,-0.0001,0.0025,0.0008,0.0019,0.0083,-0.1315,0
16202777,1.0000,-0.0001,0.0025,0.0007,-0.0034,0.0007,-0.0742,0
16202943,1.0000,-0.0001,0.0025,0.0008,0.0001,0.0071,-0.1221,0
16203110,1.0000,-0.0001,0.0025,0.0008,0.0135,-0.0036,-0.1099,0
16203277,1.0000,-0.0001,0.0025,0.0008,-0.0034,-0.0113,-0.1465,0
16203443,1.0000,-0.0001,0.0025,0.0008,-0.0091,-0.0051,-0.1204,0
16203610,1.0000,-0.0001,0.0025,0.0008,-0.0009,0.0023,-0.1212,0
16203777,1.0000,-0.0001,0.0025,0.0008,0.0044,-0.0039,-0.1206,0
16203943,1.0000,-0.0001,0.0025,0.0008,-0.0076,0.0123,-0.1283,0
16204110,1.0000,-0.0001,0.0025,0.0008,0.0152,-0.0146,-0.1098,0
16204277,1.0000,-0.0001,0.0025,0.0008,0.0151,0.0067,-0.1191,0
16204443,1.0000,-0.0001,0.0025,0.0008,0.0129,-0.0088,-0.1256,0
16204610,1.0000,-0.0001,0.0025,0.0008,0.0098,-0.0022,-0.1248,0
16204777,1.0000,-0.0001,0.0025,0.0008,0.0087,0.0000,-0.1342,0
16204943,1.0000,-0.0001,0.0025,0.0008,-0.0011,-0.0173,-0.1123,0
16205110,1.0000,-0.0001,0.0025,0.0008,-0.0005,0.0003,-0.1285,0
16205277,1.0000,-0.0001,0.0025,0.0008,0.0162,0.0004,-0.1108,0
16205443,1.0000,-0.0001,0.0025,0.0008,0.0037,-0.0107,-0.1207,0
16205610,1.0000,-0.0001,0.0025,0.0008,0.0076,0.0002,-0.0998,0
16205777,1.0000,-0.0001,0.0025,0.0008,0.0053,-0.0082,-0.1238,0
16205943,1.0000,-0.0001,0.0025,0.0008,0.0012,-0.0085,-0.1315,0
16206110,1.0000,-0.0001,0.0025,0.0008,0.0140,0.0037,-0.1146,0
16206277,1.0000,-0.0001,0.0025,0.0008,-0.0123,0.0077,-0.1060,0
16206443,1.0000,-0.0001,0.0025,0.0009,-0.0097,0.0097,-0.1026,0
16206610,1.0000,-0.0001,0.0025,0.0009,0.0178,-0.0023,-0.0946,0
16206777,1.0000,-0.0001,0.0025,0.0009,-0.0011,-0.0019,-0.1158,0
16206943,1.0000,-0.0001,0.0025,0.0009,-0.0029,0.0025,-0.0953,0
16207110,1.0000,-0.0001,0.0025,0.0009,0.0185,0.0043,-0.1037,0
16207277,1.0000,-0.0001,0.0025,0.0009,0.0035,-0.0018,-0.0926,0
16207443,1.0000,-0.0001,0.0025,0.0009,0.0013,-0.0057,-0.1149,0
16207610,1.0000,-0.0001,0.0025,0.0009,-0.0066,0.0048,-0.1319,0
16207777,1.0000,-0.0001,0.0025,0.0009,-0.0022,-0.0036,-0.1150,0
16207943,1.0000,-0.0001,0.0025,0.0009,0.0019,-0.0103,-0.0909,0
16208110,1.0000,-0.0001,0.0025,0.0009,0.0076,-0.0008,-0.1254,0
16208277,1.0000,-0.0001,0.0025,0.0009,0.0105,-0.0119,-0.0998,0
16208443,1.0000,-0.0001,0.0025,0.0009,-0.0064,0.0027,-0.1121,0
16208610,1.0000,-0.0001,0.0025,0.0009,0.0040,-0.0020,-0.0995,0
16208777,1.0000,-0.0001,0.0025,0.0009,0.0171,-0.0030,-0.1156,0
16208943,1.0000,-0.0001,0.0025,0.0009,-0.0036,-0.0152,-0.1244,0
16209110,1.0000,-0.0001,0.0025,0.0009,0.0077,-0.0010,-0.0937,0
16209277,1.0000,-0.0001,0.0025,0.0009,-0.0074,-0.0150,-0.1312,0
16209443,1.0000,-0.0001,0.0025,0.0009,0.0081,-0.0001,-0.1288,0
16209610,1.0000,-0.0002,0.0025,0.0008,0.0079,-0.0113,-0.1281,0
16209777,1.0000,-0.0002,0.0025,0.0008,0.0032,-0.0038,-0.1405,0
16209943,1.0000,-0.0002,0.0025,0.0009,0.0007,0.0059,-0.0929,0
16210110,1.0000,-0.0002,0.0025,0.0009,-0.0077,0.0032,-0.1044,0
16210277,1.0000,-0.0002,0.0025,0.0009,0.0088,0.0108,-0.1305,0
16210443,1.0000,-0.0002,0.0025,0.0009,-0.0009,0.0119,-0.1186,0
16210610,1.0000,-0.0002,0.0025,0.0009,0.0198,-0.0011,-0.1349,0
16210777,1.0000,-0.0002,0.0025,0.0009,0.0110,0.0044,-0.1069,0
16210943,1.0000,-0.0002,0.0025,0.0009,0.0141,-0.0145,-0.1318,0
16211110,1.0000,-0.0002,0.0025,0.0009,0.0044,0.0048,-0.1240,0
16211277,1.0000,-0.0002,0.0025,0.0009,-0.0063,0.0119,-0.0996,0
16211443,1.0000,-0.0002,0.0025,0.0009,0.0044,0.0108,-0.1185,0
16211610,1.0000,-0.0002,0.0025,0.0009,0.0029,0.0073,-0.1264,0
16211777,1.0000,-0.0002,0.0025,0.0009,0.0010,-0.0085,-0.1003,0
16211943,1.0000,-0.0002,0.0025,0.0009,0.0058,-0.0012,-0.1145,0
16212110,1.0000,-0.0002,0.0025,0.0009,0.0086,0.0024,-0.1058,0
16212277,1.0000,-0.0002,0.0025,0.0009,0.0015,-0.0046,-0.1210,0
16212443,1.0000,-0.0002,0.0025,0.0009,0.0067,0.0018,-0.1050,0
16212610,1.0000,-0.0002,0.0025,0.0009,0.0162,-0.0075,-0.1173,0
16212777,1.0000,-0.0002,0.0025,0.0009,-0.0115,0.0113,-0.1098,0
16212943,1.0000,-0.0002,0.0025,0.0009,-0.0020,-0.0066,-0.1391,0
16213110,1.0000,-0.0002,0.0025,0.0010,0.0013,0.0131,-0.1234,0
16213277,1.0000,-0.0002,0.0025,0.0010,-0.0132,0.0116,-0.1304,0
16213443,1.0000,-0.0002,0.0025,0.0010,0.0075,0.0109,-0.1142,0
16213610,1.0000,-0.0002,0.0025,0.0010,0.0018,0.0013,-0.1191,0
16213777,1.0000,-0.0002,0.0025,0.0010,0.0088,0.0023,-0.1360,0
16213943,1.0000,-0.0002,0.0025,0.0010,-0.0059,-0.0095,-0.1088,0
16214110,1.0000,-0.0002,0.0025,0.0010,-0.0093,-0.0082,-0.1124,0
16214277,1.0000,-0.0002,0.0025,0.0010,0.0077,-0.0057,-0.1068,0
16214443,1.0000,-0.0002,0.0025,0.0010,-0.0063,-0.0119,-0.1099,0
16214610,1.0000,-0.0002,0.0025,0.0010,0.0011,0.0123,-0.1128,0
16214777,1.0000,-0.0002,0.0025,0.0010,0.0014,-0.0008,-0.1196,0
16214943,1.0000,-0.0002,0.0025,0.0010,0.0082,0.0106,-0.1042,0
16215110,1.0000,-0.0002,0.0025,0.0010,-0.0005,-0.0011,-0.1106,0
16215277,1.0000,-0.0002,0.0025,0.0010,0.0009,0.0024,-0.1328,0
16215443,1.0000,-0.0002,0.0025,0.0010,-0.0083,0.0019,-0.1154,0
16215610,1.0000,-0.0002,0.0025,0.0010,0.0018,-0.0092,-0.0937,0
16215777,1.0000,-0.0002,0.0025,0.0010,0.0131,-0.0023,-0.1430,0
16215944,1.0000,-0.0002,0.0025,0.0010,0.0071,0.0013,-0.1171,0
16216110,1.0000,-0.0002,0.0025,0.0011,0.0072,0.0057,-0.1042,0
16216277,1.0000,-0.0002,0.0025,0.0011,0.0097,0.0062,-0.1127,0
16216444,1.0000,-0.0002,0.0025,0.0011,0.0132,-0.0013,-0.1104,0
16216610,1.0000,-0.0002,0.0025,0.0011,0.0167,0.0044,-0.1119,0
16216777,1.0000,-0.0002,0.0025,0.0011,0.0134,-0.0073,-0.0952,0
16216944,1.0000,-0.0002,0.0025,0.0011,0.0089,-0.0136,-0.0967,0
16217110,1.0000,-0.0002,0.0025,0.0011,0.0005,-0.0082,-0.1160,0
16217277,1.0000,-0.0002,0.0025,0.0011,-0.0038,0.0020,-0.1287,0
16217444,1.0000,-0.0002,0.0025,0.0011,0.0028,-0.0065,-0.1225,0
16217610,1.0000,-0.0002,0.0025,0.0011,0.0065,0.0031,-0.1117,0
16217777,1.0000,-0.0002,0.0025,0.0011,0.0065,0.0074,-0.1242,0
16217944,1.0000,-0.0002,0.0024,0.0011,0.0173,-0.0169,-0.1016,0
16218110,1.0000,-0.0002,0.0024,0.0011,0.0025,0.0122,-0.1141,0
16218277,1.0000,-0.0002,0.0024,0.0011,0.0078,-0.0075,-0.1215,0
16218444,1.0000,-0.0002,0.0024,0.0011,0.0142,-0.0018,-0.1040,0
16218610,1.0000,-0.0002,0.0025,0.0011,0.0161,0.0054,-0.1087,0
16218777,1.0000,-0.0002,0.0024,0.0011,-0.0019,0.0006,-0.1182,0
16218944,1.0000,-0.0002,0.0025,0.0011,0.0168,-0.0027,-0.0971,0
16219110,1.0000,-0.0002,0.0025,0.0011,0.0108,-0.0025,-0.1231,0
16219277,1.0000,-0.0002,0.0025,0.0011,-0.0020,-0.0041,-0.1221,0
16219444,1.0000,-0.0002,0.0024,0.0011,-0.0044,0.0142,-0.1236,0
16219610,1.0000,-0.0002,0.0024,0.0011,-0.0064,0.0014,-0.1415,0
16219777,1.0000,-0.0002,0.0024,0.0011,-0.0035,0.0070,-0.1465,0
16219944,1.0000,-0.0002,0.0025,0.0011,-0.0035,-0.0030,-0.1179,0
16220110,1.0000,-0.0002,0.0025,0.0011,0.0050,0.0032,-0.1123,0
16220277,1.0000,-0.0002,0.0025,0.0011,0.0006,0.0012,-0.1130,0
16220444,1.0000,-0.0002,0.0025,0.0011,-0.0032,0.0226,-0.1110,0
16220610,1.0000,-0.0002,0.0025,0.0011,0.0025,0.0052,-0.1179,0
16220777,1.0000,-0.0002,0.0025,0.0011,0.0029,-0.0111,-0.1289,0
16220944,1.0000,-0.0002,0.0025,0.0011,-0.0054,-0.0176,-0.1100,0
16221110,1.0000,-0.0002,0.0024,0.0011,0.0015,0.0009,-0.1065,0
16221277,1.0000,-0.0002,0.0025,0.0011,-0.0019,0.0004,-0.1209,0
16221444,1.0000,-0.0002,0.0025,0.0011,0.0040,0.0047,-0.1092,0
16221610,1.0000,-0.0002,0.0025,0.0011,-0.0090,-0.0034,-0.1150,0
16221777,1.0000,-0.0002,0.0025,0.0012,0.0091,-0.0049,-0.1213,0
16221944,1.0000,-0.0002,0.0025,0.0012,0.0134,-0.0025,-0.1291,0
16222110,1.0000,-0.0002,0.0025,0.0012,0.0100,-0.0019,-0.1232,0
16222277,1.0000,-0.0002,0.0025,0.0012,-0.0053,0.0177,-0.1149,0
16222444,1.0000,-0.0002,0.0025,0.0012,0.0009,-0.0018,-0.1113,0
16222610,1.0000,-0.0002,0.0025,0.0012,-0.0054,0.0038,-0.1323,0
16222777,1.0000,-0.0002,0.0025,0.0012,-0.0012,-0.0006,-0.1222,0
16222944,1.0000,-0.0002,0.0025,0.0012,0.0069,0.0122,-0.1156,0
16223110,1.0000,-0.0002,0.0025,0.0012,0.0242,-0.0058,-0.1063,0
16223277,1.0000,-0.0002,0.0025,0.0012,0.0001,0.0021,-0.1500,0
16223444,1.0000,-0.0002,0.0025,0.0012,0.0017,0.0054,-0.1189,0
16223610,1.0000,-0.0002,0.0025,0.0012,-0.0052,-0.0080,-0.1096,0
16223777,1.0000,-0.0002,0.0025,0.0012,0.0018,0.0006,-0.1343,0
16223944,1.0000,-0.0002,0.0025,0.0012,-0.0075,-0.0052,-0.1284,0
16224110,1.0000,-0.0002,0.0025,0.0012,0.0061,-0.0050,-0.1250,0
16224277,1.0000,-0.0002,0.0025,0.0012,0.0000,-0.0150,-0.1243,0
16224444,1.0000,-0.0002,0.0025,0.0012,0.0086,-0.0181,-0.1048,0
16224610,1.0000,-0.0002,0.0025,0.0012,-0.0020,0.0003,-0.0917,0
16224777,1.0000,-0.0002,0.0025,0.0012,-0.0027,-0.0014,-0.1210,0
16224944,1.0000,-0.0002,0.0025,0.0012,-0.0099,-0.0098,-0.1171,0
16225110,1.0000,-0.0002,0.0025,0.0012,0.0029,-0.0063,-0.1298,0
16225277,1.0000,-0.0002,0.0025,0.0012,0.0028,0.0058,-0.1220,0
16225444,1.0000,-0.0002,0.0025,0.0012,-0.0175,-0.0068,-0.1102,0
16225610,1.0000,-0.0002,0.0025,0.0012,-0.0201,0.0036,-0.1154,0
16225777,1.0000,-0.0002,0.0025,0.0012,0.0047,-0.0060,-0.1148,0
16225944,1.0000,-0.0002,0.0025,0.0012,0.0056,-0.0040,-0.1130,0
16226110,1.0000,-0.0002,0.0025,0.0012,0.0078,0.0004,-0.1273,0
16226277,1.0000,-0.0002,0.0025,0.0012,-0.0038,0.0051,-0.1127,0
16226444,1.0000,-0.0002,0.0025,0.0012,-0.0085,-0.0067,-0.1032,0
16226610,1.0000,-0.0002,0.0025,0.0012,-0.0036,-0.0086,-0.1037,0
16226777,1.0000,-0.0002,0.0025,0.0012,0.0077,-0.0011,-0.1002,0
16226944,1.0000,-0.0002,0.0025,0.0012,-0.0084,-0.0035,-0.1347,0
16227110,1.0000,-0.0002,0.0025,0.0012,0.0082,0.0051,-0.1102,0
16227277,1.0000,-0.0002,0.0025,0.0012,-0.0043,0.0127,-0.0947,0
16227444,1.0000,-0.0002,0.0025,0.0012,-0.0037,0.0052,-0.1189,0
16227610,1.0000,-0.0002,0.0025,0.0012,0.0009,-0.0055,-0.1118,0
16227777,1.0000,-0.0002,0.0025,0.0012,-0.0072,0.0016,-0.1083,0
16227944,1.0000,-0.0002,0.0025,0.0012,-0.0018,-0.0001,-0.1243,0
16228110,1.0000,-0.0002,0.0025,0.0012,-0.0025,0.0024,-0.1030,0
16228277,1.0000,-0.0002,0.0025,0.0012,0.0051,-0.0049,-0.1162,0
16228444,1.0000,-0.0002,0.0025,0.0012,0.0025,-0.0088,-0.1226,0
16228610,1.0000,-0.0002,0.0025,0.0012,0.0040,0.0007,-0.1185,0
16228777,1.0000,-0.0002,0.0025,0.0012,-0.0011,0.0066,-0.1184,0
16228944,1.0000,-0.0002,0.0025,0.0012,0.0110,0.0019,-0.1150,0
16229110,1.0000,-0.0002,0.0025,0.0012,0.0013,-0.0107,-0.1262,0
16229277,1.0000,-0.0002,0.0025,0.0012,-0.0029,-0.0163,-0.0980,0
16229444,1.0000,-0.0002,0.0025,0.0012,-0.0031,-0.0046,-0.1206,0
16229610,1.0000,-0.0002,0.0025,0.0012,0.0101,-0.0186,-0.0987,0
16229777,1.0000,-0.0002,0.0025,0.0012,0.0012,-0.0146,-0.1218,0
16229944,1.0000,-0.0002,0.0025,0.0012,0.0121,-0.0024,-0.1119,0
16230110,1.0000,-0.0002,0.0025,0.0012,0.0167,0.0026,-0.1205,0
16230277,1.0000,-0.0002,0.0025,0.0012,-0.0099,-0.0008,-0.1118,0
16230444,1.0000,-0.0002,0.0025,0.0012,0.0014,0.0134,-0.1107,0
16230610,1.0000,-0.0002,0.0025,0.0013,0.0062,0.0017,-0.1155,0
16230777,1.0000,-0.0002,0.0025,0.0013,0.0026,-0.0005,-0.1273,0
16230944,1.0000,-0.0002,0.0025,0.0013,0.0034,0.0087,-0.1023,0
16231110,1.0000,-0.0002,0.0025,0.0013,0.0074,0.0031,-0.0982,0
16231277,1.0000,-0.0002,0.0025,0.0013,0.0047,0.0046,-0.1235,0
16231444,1.0000,-0.0002,0.0025,0.0013,0.0044,0.0101,-0.1053,0
16231610,1.0000,-0.0002,0.0025,0.0013,-0.0107,0.0017,-0.0977,0
16231777,1.0000,-0.0002,0.0025,0.0013,-0.0129,0.0098,-0.1176,0
16231944,1.0000,-0.0002,0.0025,0.0013,0.0070,-0.0069,-0.1145,0
16232110,1.0000,-0.0002,0.0025,0.0013,-0.0036,0.0030,-0.1252,0
16232277,1.0000,-0.0002,0.0025,0.0013,0.0043,-0.0080,-0.1203,0
16232444,1.0000,-0.0002,0.0025,0.0013,-0.0010,-0.0045,-0.1220,0
16232611,1.0000,-0.0002,0.0025,0.0013,-0.0036,0.0019,-0.1048,0
16232777,1.0000,-0.0002,0.0025,0.0013,0.0044,0.0066,-0.1159,0
16232944,1.0000,-0.0002,0.0025,0.0013,0.0097,0.0024,-0.1094,0
16233111,1.0000,-0.0002,0.0025,0.0013,0.0004,0.0035,-0.0978,0
16233277,1.0000,-0.0002,0.0025,0.0013,0.0091,-0.0061,-0.1086,0
16233444,1.0000,-0.0002,0.0025,0.0013,0.0002,-0.0054,-0.1186,0
16233611,1.0000,-0.0002,0.0025,0.0013,0.0049,-0.0042,-0.1214,0
16233777,1.0000,-0.0002,0.0025,0.0013,-0.0002,0.0031,-0.1017,0
16233944,1.0000,-0.0002,0.0025,0.0013,0.0094,0.0002,-0.1008,0
16234111,1.0000,-0.0002,0.0025,0.0013,0.0151,-0.0026,-0.1257,0
16234277,1.0000,-0.0002,0.0025,0.0013,-0.0022,-0.0030,-0.1237,0
16234444,1.0000,-0.0002,0.0025,0.0013,0.0011,0.0094,-0.1131,0
16234611,1.0000,-0.0002,0.0025,0.0013,0.0070,-0.0007,-0.1270,0
16234777,1.0000,-0.0002,0.0025,0.0013,0.0091,0.0001,-0.1176,0
16234944,1.0000,-0.0002,0.0025,0.0014,0.0090,0.0101,-0.1429,0
16235111,1.0000,-0.0002,0.0025,0.0014,0.0137,0.0021,-0.1065,0
16235277,1.0000,-0.0002,0.0025,0.0014,0.0141,0.0041,-0.1286,0
16235444,1.0000,-0.0002,0.0025,0.0014,-0.0138,0.0112,-0.1254,0
16235611,1.0000,-0.0002,0.0025,0.0014,-0.0055,0.0059,-0.1482,0
16235777,1.0000,-0.0002,0.0025,0.0014,0.0112,-0.0081,-0.0926,0
16235944,1.0000,-0.0002,0.0025,0.0014,-0.0015,-0.0031,-0.1243,0
16236111,1.0000,-0.0002,0.0025,0.0014,0.0081,0.0159,-0.0979,0
16236277,1.0000,-0.0002,0.0025,0.0014,-0.0044,-0.0005,-0.1269,0
16236444,1.0000,-0.0002,0.0025,0.0014,0.0117,0.0009,-0.1107,0
16236611,1.0000,-0.0002,0.0025,0.0014,-0.0055,0.0020,-0.1267,0
16236777,1.0000,-0.0002,0.0025,0.0014,0.0043,-0.0058,-0.1103,0
16236944,1.0000,-0.0002,0.0025,0.0014,0.0005,0.0057,-0.1290,0
16237111,1.0000,-0.0002,0.0025,0.0014,-0.0088,-0.0029,-0.1269,0
16237277,1.0000,-0.0002,0.0025,0.0014,0.0104,0.0194,-0.1338,0
16237444,1.0000,-0.0002,0.0025,0.0014,0.0059,-0.0025,-0.0910,0
16237611,1.0000,-0.0002,0.0025,0.0014,-0.0041,0.0003,-0.1378,0
16237777,1.0000,-0.0002,0.0025,0.0014,0.0139,0.0126,-0.0961,0
16237944,1.0000,-0.0002,0.0025,0.0014,-0.0177,0.0064,-0.1128,0
16238111,1.0000,-0.0002,0.0025,0.0014,0.0121,-0.0023,-0.1216,0
16238277,1.0000,-0.0002,0.0025,0.0014,0.0129,0.0055,-0.1229,0
16238444,1.0000,-0.0002,0.0025,0.0014,0.0098,0.0026,-0.1040,0
16238611,1.0000,-0.0002,0.0025,0.0014,-0.0029,-0.0094,-0.1158,0
16238777,1.0000,-0.0002,0.0025,0.0014,0.0034,-0.0010,-0.1215,0
16238944,1.0000,-0.0002,0.0025,0.0014,-0.0125,-0.0020,-0.1254,0
16239111,1.0000,-0.0002,0.0025,0.0014,-0.0038,0.0053,-0.0998,0
16239277,1.0000,-0.0002,0.0025,0.0014,0.0059,-0.0052,-0.0949,0
16239444,1.0000,-0.0002,0.0025,0.0014,0.0064,0.0051,-0.1458,0
16239611,1.0000,-0.0002,0.0025,0.0014,0.0027,0.0064,-0.1228,0
16239777,1.0000,-0.0002,0.0025,0.0014,0.0047,-0.0064,-0.1130,0
16239944,1.0000,-0.0002,0.0025,0.0014,0.0075,-0.0013,-0.1126,0
16240111,1.0000,-0.0002,0.0025,0.0014,-0.0033,0.0051,-0.1121,0
16240277,1.0000,-0.0002,0.0025,0.0014,0.0217,0.0025,-0.1206,0
16240444,1.0000,-0.0002,0.0025,0.0014,0.0051,-0.0046,-0.1172,0
16240611,1.0000,-0.0002,0.0025,0.0014,-0.0013,0.0003,-0.1062,0
16240777,1.0000,-0.0002,0.0025,0.0015,0.0060,-0.0110,-0.1325,0
16240944,1.0000,-0.0002,0.0025,0.0014,0.0015,0.0052,-0.1075,0
16241111,1.0000,-0.0002,0.0025,0.0015,-0.0057,0.0126,-0.1224,0
16241277,1.0000,-0.0002,0.0025,0.0015,-0.0027,0.0252,-0.0891,0
16241444,1.0000,-0.0002,0.0025,0.0015,-0.0023,-0.0088,-0.1116,0
16241611,1.0000,-0.0002,0.0025,0.0015,-0.0012,0.0005,-0.1249,0
16241777,1.0000,-0.0002,0.0025,0.0015,-0.0054,0.0014,-0.1409,0
16241944,1.0000,-0.0002,0.0025,0.0015,0.0086,-0.0038,-0.1274,0
16242111,1.0000,-0.0002,0.0025,0.0015,0.0041,-0.0142,-0.1135,0
16242277,1.0000,-0.0002,0.0025,0.0015,-0.0067,0.0073,-0.1250,0
16242444,1.0000,-0.0002,0.0025,0.0015,0.0041,-0.0081,-0.1246,0
16242611,1.0000,-0.0002,0.0025,0.0015,0.0095,0.0021,-0.1162,0
16242777,1.0000,-0.0002,0.0025,0.0015,0.0084,0.0033,-0.1150,0
16242944,1.0000,-0.0002,0.0025,0.0015,0.0041,0.0024,-0.1419,0
16243111,1.0000,-0.0002,0.0025,0.0015,-0.0008,0.0084,-0.1254,0
16243277,1.0000,-0.0002,0.0025,0.0015,0.0084,0.0015,-0.1105,0
16243444,1.0000,-0.0002,0.0025,0.0015,-0.0007,0.0052,-0.1029,0
16243611,1.0000,-0.0002,0.0025,0.0015,0.0012,-0.0028,-0.1152,0
16243777,1.0000,-0.0002,0.0025,0.0015,0.0047,-0.0045,-0.1206,0
16243944,1.0000,-0.0002,0.0025,0.0015,0.0096,0.0080,-0.0882,0
16244111,1.0000,-0.0002,0.0025,0.0015,-0.0013,0.0071,-0.1246,0
16244277,1.0000,-0.0002,0.0025,0.0015,0.0036,-0.0053,-0.1107,0
16244444,1.0000,-0.0002,0.0025,0.0015,0.0093,0.0056,-0.1129,0
16244611,1.0000,-0.0002,0.0025,0.0015,0.0029,0.0093,-0.1201,0
16244777,1.0000,-0.0002,0.0025,0.0015,0.0201,0.0043,-0.1287,0
16244944,1.0000,-0.0002,0.0025,0.0015,-0.0070,-0.0012,-0.1127,0
16245111,1.0000,-0.0002,0.0025,0.0015,0.0112,0.0126,-0.1014,0
16245277,1.0000,-0.0002,0.0025,0.0015,0.0034,-0.0028,-0.1238,0
16245444,1.0000,-0.0002,0.0025,0.0015,0.0031,-0.0012,-0.1196,0
16245611,1.0000,-0.0002,0.0025,0.0015,-0.0049,0.0039,-0.1051,0
16245777,1.0000,-0.0002,0.0025,0.0015,0.0065,0.0058,-0.1037,0
16245944,1.0000,-0.0002,0.0025,0.0015,-0.0109,-0.0097,-0.1386,0
16246111,1.0000,-0.0002,0.0025,0.0016,-0.0013,-0.0289,-0.1289,0
16246277,1.0000,-0.0001,0.0025,0.0016,-0.0029,0.0387,-0.0974,0
16246444,1.0000,-0.0001,0.0025,0.0016,0.0154,0.0173,-0.1699,0
16246611,1.0000,-0.0001,0.0025,0.0015,-0.0184,-0.0254,-0.0138,0
16246777,1.0000,-0.0001,0.0025,0.0015,-0.0245,0.0090,-0.1346,0
16246944,1.0000,-0.0001,0.0025,0.0016,0.0313,0.0035,-0.1366,0
16247111,1.0000,-0.0001,0.0025,0.0015,0.0012,0.0042,-0.1189,0
16247277,1.0000,-0.0001,0.0025,0.0015,-0.0157,0.0146,-0.1015,0
16247444,1.0000,-0.0001,0.0025,0.0015,0.0041,-0.0019,-0.1468,0
16247611,1.0000,-0.0001,0.0025,0.0015,0.0042,0.0101,-0.1178,0
16247777,1.0000,-0.0001,0.0025,0.0015,0.0001,0.0101,-0.1318,0
16247944,1.0000,-0.0001,0.0025,0.0015,0.0238,-0.0008,-0.1045,0
16248111,1.0000,-0.0001,0.0025,0.0015,-0.0138,-0.0073,-0.0874,0
16248277,1.0000,-0.0001,0.0025,0.0015,-0.0171,-0.0037,-0.1245,0
16248444,1.0000,-0.0001,0.0025,0.0015,0.0148,0.0053,-0.1100,0
16248611,1.0000,-0.0001,0.0025,0.0015,-0.0029,0.0003,-0.1479,0
16248777,1.0000,-0.0001,0.0025,0.0015,-0.0032,-0.0235,-0.1131,0
16248944,1.0000,-0.0001,0.0025,0.0015,-0.0024,-0.0125,-0.1339,0
16249111,1.0000,-0.0001,0.0025,0.0015,0.0045,0.0028,-0.1137,0
16249278,1.0000,-0.0001,0.0025,0.0016,0.0011,0.0145,-0.1440,0
16249444,1.0000,-0.0001,0.0025,0.0015,-0.0037,-0.0142,-0.1092,0
16249611,1.0000,-0.0001,0.0025,0.0015,-0.0024,0.0027,-0.1266,0
16249778,1.0000,-0.0002,0.0025,0.0015,0.0002,-0.0073,-0.1088,0
16249944,1.0000,-0.0002,0.0025,0.0015,0.0160,0.0106,-0.1279,0
16250111,1.0000,-0.0002,0.0025,0.0015,0.0217,-0.0020,-0.1436,0
16250278,1.0000,-0.0002,0.0025,0.0015,-0.0011,0.0003,-0.1352,0
16250444,1.0000,-0.0002,0.0025,0.0015,0.0026,-0.0002,-0.1065,0
16250611,1.0000,-0.0002,0.0025,0.0015,-0.0071,-0.0033,-0.1053,0
16250778,1.0000,-0.0001,0.0025,0.0015,0.0008,-0.0089,-0.1275,0
16250944,1.0000,-0.0001,0.0025,0.0015,0.0004,-0.0051,-0.1167,0
16251111,1.0000,-0.0002,0.0025,0.0015,-0.0064,-0.0134,-0.1221,0
16251278,1.0000,-0.0002,0.0025,0.0015,-0.0038,0.0009,-0.1406,0
16251444,1.0000,-0.0001,0.0025,0.0015,0.0228,0.0248,-0.0924,0
16251611,1.0000,-0.0001,0.0025,0.0015,-0.0063,0.0012,-0.1719,0
16251778,1.0000,-0.0001,0.0025,0.0015,-0.0059,-0.0213,-0.0849,0
16251944,1.0000,-0.0001,0.0024,0.0015,-0.0078,-0.0131,-0.1060,0
16252111,1.0000,-0.0001,0.0024,0.0015,0.0040,0.0236,-0.1045,0
16252278,1.0000,-0.0001,0.0025,0.0015,0.0134,0.0074,-0.1044,0
16252444,1.0000,-0.0001,0.0025,0.0015,-0.0049,-0.0066,-0.1239,0
16252611,1.0000,-0.0001,0.0025,0.0015,-0.0104,-0.0093,-0.1001,0
16252778,1.0000,-0.0001,0.0025,0.0015,0.0023,0.0110,-0.1187,0
16252944,1.0000,-0.0001,0.0025,0.0015,0.0217,0.0133,-0.1171,0
16253111,1.0000,-0.0001,0.0025,0.0015,0.0047,-0.0172,-0.1144,0
16253278,1.0000,-0.0001,0.0025,0.0015,-0.0024,-0.0125,-0.1171,0
16253444,1.0000,-0.0001,0.0025,0.0015,-0.0037,-0.0046,-0.1040,0
16253611,1.0000,-0.0001,0.0025,0.0015,0.0155,0.0054,-0.1059,0
16253778,1.0000,-0.0001,0.0025,0.0015,0.0173,0.0098,-0.1206,0
16253944,1.0000,-0.0001,0.0025,0.0015,-0.0126,-0.0124,-0.1248,0
16254111,1.0000,-0.0001,0.0025,0.0015,-0.0089,-0.0060,-0.1168,0
16254278,1.0000,-0.0001,0.0024,0.0015,-0.0097,0.0120,-0.1038,0
16254444,1.0000,-0.0001,0.0025,0.0015,0.0099,0.0180,-0.1329,0
16254611,1.0000,-0.0001,0.0025,0.0015,0.0071,0.0047,-0.0939,0
16254778,1.0000,-0.0001,0.0025,0.0015,-0.0233,-0.0215,-0.1344,0
16254944,1.0000,-0.0001,0.0025,0.0015,-0.0189,-0.0122,-0.1023,0
16255111,1.0000,-0.0001,0.0025,0.0015,0.0155,0.0019,-0.1331,0
16255278,1.0000,-0.0001,0.0025,0.0016,0.0245,0.0139,-0.0987,0
16255444,1.0000,-0.0001,0.0025,0.0016,0.0113,-0.0156,-0.1213,0
16255611,1.0000,-0.0001,0.0025,0.0016,-0.0101,-0.0146,-0.1097,0
16255778,1.0000,-0.0001,0.0025,0.0016,0.0034,0.0292,-0.1379,0
16255944,1.0000,-0.0001,0.0025,0.0016,0.0165,0.0155,-0.0929,0
16256111,1.0000,-0.0001,0.0025,0.0016,0.0108,0.0032,-0.1221,0
16256278,1.0000,-0.0001,0.0025,0.0016,-0.0089,-0.0186,-0.0951,0
16256444,1.0000,-0.0001,0.0025,0.0016,-0.0200,0.0053,-0.1487,0
16256611,1.0000,-0.0001,0.0025,0.0016,0.0182,0.0252,-0.1385,0
16256778,1.0000,-0.0001,0.0025,0.0016,0.0126,-0.0074,-0.1007,0
16256944,1.0000,-0.0001,0.0025,0.0016,-0.0106,-0.0330,-0.0864,0
16257111,1.0000,-0.0001,0.0025,0.0016,-0.0233,-0.0206,-0.0999,0
16257278,1.0000,-0.0001,0.0025,0.0016,0.0164,0.0117,-0.1153,0
16257444,1.0000,-0.0001,0.0025,0.0016,0.0307,0.0126,-0.1165,0
16257611,1.0000,-0.0001,0.0025,0.0016,-0.0085,-0.0117,-0.1202,0
16257778,1.0000,-0.0001,0.0025,0.0016,-0.0105,-0.0103,-0.0803,0
16257944,1.0000,-0.0001,0.0025,0.0016,-0.0109,0.0043,-0.1239,0
16258111,1.0000,-0.0001,0.0025,0.0016,0.0227,0.0107,-0.0974,0
16258278,1.0000,-0.0001,0.0025,0.0016,0.0189,0.0147,-0.1344,0
16258444,1.0000,-0.0001,0.0025,0.0016,0.0011,-0.0169,-0.1092,0
16258611,1.0000,-0.0002,0.0025,0.0016,-0.0123,-0.0004,-0.1441,0
16258778,1.0000,-0.0002,0.0025,0.0016,0.0060,0.0121,-0.0964,0
16258944,1.0000,-0.0002,0.0025,0.0016,0.0220,0.0016,-0.1333,0
16259111,1.0000,-0.0002,0.0025,0.0016,-0.0001,-0.0090,-0.1090,0
16259278,1.0000,-0.0002,0.0025,0.0016,-0.0009,-0.0109,-0.1041,0
16259444,1.0000,-0.0002,0.0025,0.0016,-0.0104,0.0001,-0.1220,0
16259611,1.0000,-0.0002,0.0025,0.0016,0.0174,-0.0005,-0.1001,0
16259778,1.0000,-0.0002,0.0025,0.0016,-0.0060,-0.0005,-0.1146,0
16259944,1.0000,-0.0002,0.0025,0.0016,-0.0097,0.0040,-0.1211,0
16260111,1.0000,-0.0002,0.0025,0.0016,-0.0143,0.0018,-0.1257,0
16260278,1.0000,-0.0002,0.0025,0.0016,0.0154,0.0108,-0.0958,0
16260444,1.0000,-0.0002,0.0025,0.0016,0.0100,0.0021,-0.1162,0
16260611,1.0000,-0.0002,0.0025,0.0016,0.0053,-0.0128,-0.1302,0
16260778,1.0000,-0.0002,0.0025,0.0016,-0.0116,0.0006,-0.0742,0
16260944,1.0000,-0.0002,0.0025,0.0016,0.0034,0.0149,-0.1266,0
16261111,1.0000,-0.0002,0.0025,0.0016,0.0168,0.0186,-0.1177,0
16261278,1.0000,-0.0002,0.0025,0.0016,0.0038,0.0124,-0.1255,0
16261444,1.0000,-0.0002,0.0025,0.0016,-0.0101,-0.0064,-0.1349,0
16261611,1.0000,-0.0002,0.0025,0.0016,0.0045,-0.0079,-0.1035,0
16261778,1.0000,-0.0002,0.0025,0.0016,0.0031,0.0023,-0.1286,0
16261944,1.0000,-0.0002,0.0025,0.0016,0.0041,-0.0078,-0.1392,0
16262111,1.0000,-0.0002,0.0025,0.0016,0.0018,-0.0036,-0.1189,0
16262278,1.0000,-0.0001,0.0025,0.0016,0.0073,0.0047,-0.1192,0
16262444,1.0000,-0.0001,0.0025,0.0016,0.0003,0.0014,-0.1080,0
16262611,1.0000,-0.0001,0.0025,0.0016,0.0112,-0.0037,-0.1232,0
16262778,1.0000,-0.0001,0.0025,0.0016,0.0051,-0.0033,-0.1220,0
16262944,1.0000,-0.0001,0.0025,0.0016,0.0026,-0.0097,-0.1122,0
16263111,1.0000,-0.0001,0.0025,0.0016,0.0104,0.0099,-0.1227,0
16263278,1.0000,-0.0001,0.0025,0.0016,-0.0021,-0.0012,-0.1041,0
16263444,1.0000,-0.0001,0.0025,0.0016,-0.0015,0.0008,-0.1287,0
16263611,1.0000,-0.0001,0.0025,0.0016,0.0106,0.0079,-0.1333,0
16263778,1.0000,-0.0001,0.0025,0.0016,0.0016,-0.0059,-0.1126,0
16263944,1.0000,-0.0001,0.0025,0.0016,0.0043,-0.0035,-0.1116,0
16264111,1.0000,-0.0001,0.0025,0.0016,0.0159,0.0050,-0.1525,0
16264278,1.0000,-0.0001,0.0025,0.0016,0.0034,-0.0092,-0.1119,0
16264444,1.0000,-0.0001,0.0025,0.0016,0.0001,0.0024,-0.1154,0
16264611,1.0000,-0.0001,0.0025,0.0016,0.0047,0.0006,-0.1014,0
16264778,1.0000,-0.0001,0.0025,0.0016,0.0027,-0.0100,-0.1139,0
16264944,1.0000,-0.0001,0.0025,0.0016,-0.0103,-0.0133,-0.1179,0
16265111,1.0000,-0.0001,0.0025,0.0016,-0.0062,0.0076,-0.0985,0
16265278,1.0000,-0.0001,0.0025,0.0016,-0.0028,-0.0036,-0.1133,0
16265444,1.0000,-0.0001,0.0025,0.0016,0.0111,-0.0052,-0.1063,0
16265611,1.0000,-0.0001,0.0025,0.0016,0.0068,-0.0001,-0.1264,0
16265778,1.0000,-0.0001,0.0025,0.0016,-0.0019,-0.0023,-0.1133,0
16265945,1.0000,-0.0001,0.0025,0.0016,-0.0019,0.0106,-0.1136,0
16266111,1.0000,-0.0001,0.0025,0.0016,0.0164,-0.0098,-0.1000,0
16266278,1.0000,-0.0001,0.0025,0.0016,-0.0176,-0.0045,-0.1400,0
16266445,1.0000,-0.0001,0.0025,0.0016,-0.0011,0.0020,-0.1253,0
16266611,1.0000,-0.0001,0.0025,0.0016,0.0045,0.0039,-0.1293,0
16266778,1.0000,-0.0001,0.0025,0.0017,0.0049,0.0034,-0.0949,0
16266945,1.0000,-0.0001,0.0025,0.0017,0.0063,0.0002,-0.1225,0
16267111,1.0000,-0.0001,0.0025,0.0017,0.0113,-0.0073,-0.1258,0
16267278,1.0000,-0.0001,0.0025,0.0017,0.0035,-0.0090,-0.0984,0
16267445,1.0000,-0.0001,0.0025,0.0017,-0.0047,-0.0027,-0.1254,0
16267611,1.0000,-0.0001,0.0025,0.0017,0.0194,-0.0074,-0.0979,0
16267778,1.0000,-0.0001,0.0025,0.0017,0.0021,0.0114,-0.1192,0
16267945,1.0000,-0.0001,0.0025,0.0017,0.0040,0.0083,-0.1071,0
16268111,1.0000,-0.0001,0.0025,0.0017,-0.0038,0.0072,-0.1032,0
16268278,1.0000,-0.0001,0.0025,0.0017,0.0048,-0.0025,-0.1183,0
16268445,1.0000,-0.0001,0.0025,0.0017,0.0009,-0.0035,-0.1152,0
16268611,1.0000,-0.0001,0.0025,0.0017,-0.0043,0.0012,-0.1168,0
16268778,1.0000,-0.0001,0.0025,0.0017,0.0055,0.0035,-0.0990,0
16268945,1.0000,-0.0001,0.0025,0.0017,-0.0130,0.0068,-0.1224,0
16269111,1.0000,-0.0001,0.0025,0.0017,-0.0033,-0.0047,-0.1031,0
16269278,1.0000,-0.0001,0.0025,0.0017,-0.0006,0.0123,-0.1078,0
16269445,1.0000,-0.0001,0.0025,0.0017,0.0035,-0.0013,-0.1242,0
16269611,1.0000,-0.0001,0.0025,0.0017,-0.0027,-0.0076,-0.1335,0
16269778,1.0000,-0.0001,0.0025,0.0017,0.0093,-0.0079,-0.1132,0
16269945,1.0000,-0.0001,0.0025,0.0017,0.0044,0.0120,-0.0921,0
16270111,1.0000,-0.0001,0.0024,0.0017,0.0166,0.0029,-0.1229,0
16270278,1.0000,-0.0001,0.0024,0.0017,0.0005,-0.0005,-0.1137,0
16270445,1.0000,-0.0001,0.0024,0.0017,0.0089,-0.0036,-0.1270,0
16270611,1.0000,-0.0001,0.0024,0.0017,-0.0048,0.0114,-0.1453,0
16270778,1.0000,-0.0001,0.0024,0.0017,0.0061,0.0140,-0.1167,0
16270945,1.0000,-0.0001,0.0024,0.0017,0.0109,0.0043,-0.1421,0
16271111,1.0000,-0.0001,0.0024,0.0017,-0.0048,-0.0107,-0.1203,0
16271278,1.0000,-0.0001,0.0024,0.0017,0.0090,-0.0059,-0.1212,0
16271445,1.0000,-0.0001,0.0024,0.0017,0.0017,-0.0059,-0.1165,0
16271611,1.0000,-0.0001,0.0024,0.0017,-0.0179,0.0067,-0.1199,0
16271778,1.0000,-0.0001,0.0024,0.0017,0.0049,0.0007,-0.0924,0
16271945,1.0000,-0.0001,0.0024,0.0017,-0.0049,0.0054,-0.1320,0
16272111,1.0000,-0.0001,0.0025,0.0017,0.0119,-0.0020,-0.0958,0
16272278,1.0000,-0.0001,0.0025,0.0017,0.0002,-0.0024,-0.1039,0
16272445,1.0000,-0.0001,0.0025,0.0017,0.0057,0.0143,-0.1045,0
16272611,1.0000,-0.0001,0.0025,0.0017,0.0035,0.0058,-0.1127,0
16272778,1.0000,-0.0001,0.0025,0.0017,0.0048,0.0135,-0.1205,0
16272945,1.0000,-0.0001,0.0025,0.0017,0.0038,0.0106,-0.1476,0
16273111,1.0000,-0.0001,0.0025,0.0017,0.0114,-0.0019,-0.1176,0
16273278,1.0000,-0.0001,0.0025,0.0017,-0.0124,0.0064,-0.1301,0
16273445,1.0000,-0.0001,0.0025,0.0017,0.0057,0.0028,-0.1386,0
16273611,1.0000,-0.0001,0.0025,0.0017,-0.0081,-0.0048,-0.1405,0
16273778,1.0000,-0.0001,0.0025,0.0017,-0.0014,-0.0098,-0.1130,0
16273945,1.0000,-0.0001,0.0025,0.0017,-0.0028,0.0139,-0.1203,0
16274111,1.0000,-0.0001,0.0025,0.0017,-0.0021,-0.0126,-0.1333,0
16274278,1.0000,-0.0001,0.0025,0.0017,0.0137,-0.0038,-0.0945,0
16274445,1.0000,-0.0001,0.0025,0.0017,0.0072,0.0021,-0.1132,0
16274611,1.0000,-0.0001,0.0025,0.0017,0.0023,-0.0072,-0.1195,0
16274778,1.0000,-0.0001,0.0025,0.0017,0.0044,0.0001,-0.1374,0
16274945,1.0000,-0.0001,0.0025,0.0017,0.0123,-0.0134,-0.1182,0
16275111,1.0000,-0.0001,0.0025,0.0017,0.0110,0.0188,-0.1099,0
16275278,1.0000,-0.0001,0.0024,0.0017,0.0073,-0.0082,-0.1316,0
16275445,1.0000,-0.0001,0.0025,0.0017,0.0013,-0.0046,-0.1114,0
16275611,1.0000,-0.0001,0.0025,0.0017,0.0020,-0.0007,-0.1252,0
16275778,1.0000,-0.0001,0.0025,0.0017,0.0054,-0.0086,-0.1059,0
16275945,1.0000,-0.0001,0.0025,0.0017,-0.0054,0.0069,-0.1210,0
16276111,1.0000,-0.0001,0.0025,0.0017,0.0009,-0.0016,-0.0926,0
16276278,1.0000,-0.0001,0.0025,0.0018,0.0043,-0.0052,-0.1208,0
16276445,1.0000,-0.0001,0.0025,0.0018,-0.0099,0.0048,-0.1426,0
16276611,1.0000,-0.0001,0.0025,0.0018,0.0058,-0.0030,-0.1118,0
16276778,1.0000,-0.0001,0.0025,0.0017,0.0051,0.0055,-0.1141,0
