DeviceTag: Movella DOT2,FirmwareVersion: 3.0.0,AppVersion: 2023.6.0,SyncStatus: Unknown (Synced/Un-synced),OutputRate: 60,FilterProfile: Unknown,Measurement Mode: Sensor fusion Mode - Extended (Euler),StartTime: 2026-04-02 15:07:03.161,© Movella Technologies B.V. 2005-2026
SampleTimeFine,Quat_W,Quat_X,Quat_Y,Quat_Z,FreeAcc_X,FreeAcc_Y,FreeAcc_Z,Status
12566844,0.7580,-0.0051,0.0050,0.6522,0.0149,-0.0175,-0.0937,0
12567010,0.7581,-0.0055,0.0049,0.6521,-0.0050,0.0012,-0.1252,0
12567177,0.7580,-0.0056,0.0049,0.6522,-0.0146,-0.0122,-0.0983,0
12567344,0.7581,-0.0058,0.0050,0.6521,-0.0117,-0.0002,-0.1248,0
12567510,0.7582,-0.0060,0.0051,0.6520,-0.0273,0.0089,-0.1152,0
12567677,0.7583,-0.0060,0.0052,0.6518,-0.0104,0.0108,-0.1257,0
12567844,0.7584,-0.0061,0.0052,0.6518,-0.0000,0.0135,-0.1091,0
12568010,0.7583,-0.0062,0.0052,0.6518,-0.0006,0.0058,-0.1146,0
12568177,0.7582,-0.0064,0.0052,0.6520,-0.0176,0.0115,-0.1019,0
12568344,0.7584,-0.0065,0.0051,0.6517,-0.0122,0.0138,-0.1094,0
12568510,0.7584,-0.0066,0.0051,0.6517,-0.0113,0.0054,-0.1141,0
12568677,0.7584,-0.0067,0.0051,0.6518,-0.0153,0.0241,-0.1421,0
12568844,0.7582,-0.0069,0.0051,0.6520,-0.0254,0.0273,-0.1101,0
12569010,0.7583,-0.0070,0.0050,0.6519,-0.0193,0.0115,-0.1261,0
12569177,0.7583,-0.0071,0.0050,0.6519,-0.0230,0.0216,-0.1309,0
12569344,0.7583,-0.0073,0.0050,0.6518,-0.0374,0.0177,-0.1246,0
12569510,0.7582,-0.0074,0.0049,0.6519,-0.0294,0.0234,-0.1238,0
12569677,0.7584,-0.0075,0.0049,0.6518,-0.0374,0.0189,-0.1181,0
12569844,0.7583,-0.0076,0.0049,0.6518,-0.0392,0.0375,-0.1015,0
12570010,0.7584,-0.0078,0.0049,0.6518,-0.0470,0.0276,-0.1138,0
12570177,0.7586,-0.0079,0.0049,0.6515,-0.0346,0.0292,-0.1283,0
12570344,0.7586,-0.0080,0.0049,0.6515,-0.0483,0.0336,-0.1175,0
12570510,0.7585,-0.0081,0.0049,0.6516,-0.0473,0.0358,-0.1344,0
12570677,0.7586,-0.0082,0.0048,0.6515,-0.0418,0.0446,-0.1081,0
12570844,0.7587,-0.0084,0.0048,0.6514,-0.0363,0.0243,-0.1194,0
12571010,0.7586,-0.0085,0.0048,0.6514,-0.0384,0.0274,-0.1200,0
12571177,0.7587,-0.0086,0.0048,0.6514,-0.0612,0.0351,-0.1272,0
12571344,0.7587,-0.0087,0.0048,0.6514,-0.0505,0.0415,-0.1190,0
12571510,0.7587,-0.0089,0.0048,0.6513,-0.0380,0.0380,-0.1165,0
12571677,0.7588,-0.0090,0.0047,0.6513,-0.0488,0.0339,-0.1166,0
12571844,0.7586,-0.0091,0.0047,0.6515,-0.0497,0.0530,-0.1154,0
12572010,0.7586,-0.0092,0.0047,0.6515,-0.0559,0.0421,-0.1303,0
12572177,0.7586,-0.0094,0.0047,0.6514,-0.0728,0.0481,-0.1062,0
12572344,0.7585,-0.0095,0.0047,0.6515,-0.0555,0.0521,-0.0906,0
12572510,0.7585,-0.0096,0.0046,0.6516,-0.0642,0.0534,-0.1092,0
12572677,0.7585,-0.0097,0.0046,0.6516,-0.0600,0.0491,-0.1135,0
12572844,0.7583,-0.0098,0.0046,0.6518,-0.0504,0.0487,-0.1121,0
12573010,0.7581,-0.0100,0.0046,0.6520,-0.0561,0.0624,-0.1018,0
12573177,0.7581,-0.0101,0.0045,0.6521,-0.0763,0.0522,-0.1085,0
12573344,0.7580,-0.0102,0.0045,0.6522,-0.0529,0.0682,-0.1051,0
12573510,0.7579,-0.0104,0.0045,0.6522,-0.0858,0.0529,-0.1206,0
12573677,0.7579,-0.0105,0.0045,0.6522,-0.0772,0.0679,-0.0988,0
12573844,0.7580,-0.0106,0.0045,0.6522,-0.0774,0.0591,-0.1288,0
12574010,0.7580,-0.0107,0.0044,0.6521,-0.0729,0.0595,-0.0929,0
12574177,0.7581,-0.0108,0.0044,0.6520,-0.0803,0.0741,-0.0923,0
12574344,0.7580,-0.0110,0.0044,0.6522,-0.0807,0.0736,-0.1183,0
12574510,0.7579,-0.0111,0.0043,0.6523,-0.0741,0.0711,-0.1199,0
12574677,0.7578,-0.0112,0.0043,0.6524,-0.0857,0.0777,-0.1046,0
12574844,0.7578,-0.0113,0.0043,0.6524,-0.0863,0.0735,-0.1223,0
12575010,0.7578,-0.0115,0.0043,0.6524,-0.0928,0.0732,-0.1201,0
12575177,0.7576,-0.0116,0.0042,0.6526,-0.1044,0.0797,-0.0992,0
12575344,0.7576,-0.0117,0.0042,0.6526,-0.0934,0.0853,-0.1256,0
12575510,0.7573,-0.0118,0.0042,0.6530,-0.0987,0.0868,-0.1148,0
12575677,0.7571,-0.0119,0.0042,0.6532,-0.0994,0.0810,-0.1044,0
12575844,0.7570,-0.0121,0.0041,0.6533,-0.0908,0.0801,-0.1111,0
12576010,0.7569,-0.0122,0.0041,0.6534,-0.1067,0.0839,-0.1074,0
12576177,0.7569,-0.0123,0.0041,0.6534,-0.1148,0.0767,-0.1075,0
12576344,0.7569,-0.0124,0.0041,0.6534,-0.1041,0.0945,-0.1310,0
12576510,0.7566,-0.0125,0.0040,0.6538,-0.1017,0.0845,-0.1120,0
12576677,0.7565,-0.0126,0.0040,0.6539,-0.1042,0.0892,-0.1090,0
12576844,0.7564,-0.0128,0.0040,0.6540,-0.1175,0.1004,-0.0854,0
12577010,0.7563,-0.0129,0.0040,0.6541,-0.1037,0.1026,-0.1269,0
12577177,0.7563,-0.0130,0.0039,0.6541,-0.1065,0.0994,-0.1024,0
12577344,0.7562,-0.0131,0.0039,0.6542,-0.1150,0.0954,-0.1162,0
12577510,0.7561,-0.0132,0.0039,0.6543,-0.1271,0.0969,-0.1262,0
12577677,0.7561,-0.0133,0.0039,0.6543,-0.1256,0.0931,-0.1287,0
12577844,0.7561,-0.0134,0.0039,0.6543,-0.1136,0.0963,-0.1094,0
12578010,0.7560,-0.0136,0.0038,0.6544,-0.1154,0.1080,-0.1236,0
12578177,0.7559,-0.0137,0.0038,0.6546,-0.1371,0.1082,-0.1042,0
12578344,0.7559,-0.0138,0.0038,0.6546,-0.1355,0.1044,-0.1120,0
12578510,0.7557,-0.0139,0.0038,0.6547,-0.1238,0.1013,-0.1117,0
12578677,0.7556,-0.0140,0.0037,0.6549,-0.1392,0.1105,-0.1041,0
12578844,0.7554,-0.0141,0.0037,0.6550,-0.1421,0.1143,-0.0969,0
12579010,0.7554,-0.0142,0.0037,0.6551,-0.1216,0.1123,-0.1128,0
12579177,0.7553,-0.0143,0.0037,0.6552,-0.1374,0.1062,-0.1086,0
12579344,0.7554,-0.0144,0.0036,0.6551,-0.1390,0.1131,-0.1084,0
12579510,0.7554,-0.0145,0.0036,0.6551,-0.1472,0.1128,-0.1160,0
12579677,0.7553,-0.0146,0.0036,0.6552,-0.1390,0.1224,-0.1189,0
12579844,0.7551,-0.0147,0.0036,0.6554,-0.1551,0.1133,-0.1172,0
12580010,0.7551,-0.0148,0.0035,0.6555,-0.1429,0.1177,-0.1144,0
12580177,0.7549,-0.0149,0.0035,0.6556,-0.1446,0.1218,-0.0973,0
12580344,0.7548,-0.0150,0.0035,0.6557,-0.1423,0.1148,-0.1141,0
12580511,0.7547,-0.0151,0.0035,0.6559,-0.1531,0.1317,-0.0968,0
12580677,0.7546,-0.0152,0.0034,0.6560,-0.1474,0.1268,-0.1235,0
12580844,0.7545,-0.0153,0.0034,0.6561,-0.1428,0.1114,-0.0930,0
12581011,0.7544,-0.0154,0.0034,0.6562,-0.1479,0.1215,-0.1087,0
12581177,0.7544,-0.0155,0.0034,0.6563,-0.1568,0.1188,-0.1182,0
12581344,0.7543,-0.0156,0.0034,0.6563,-0.1471,0.1216,-0.1299,0
12581511,0.7543,-0.0157,0.0033,0.6564,-0.1518,0.1301,-0.1123,0
12581677,0.7542,-0.0158,0.0033,0.6565,-0.1659,0.1429,-0.1197,0
12581844,0.7540,-0.0159,0.0033,0.6567,-0.1624,0.1324,-0.0927,0
12582011,0.7539,-0.0160,0.0033,0.6568,-0.1602,0.1298,-0.1372,0
12582177,0.7539,-0.0161,0.0033,0.6568,-0.1507,0.1379,-0.1060,0
12582344,0.7538,-0.0162,0.0032,0.6569,-0.1723,0.1375,-0.1091,0
12582511,0.7537,-0.0163,0.0032,0.6570,-0.1695,0.1374,-0.1100,0
12582677,0.7537,-0.0163,0.0032,0.6570,-0.1708,0.1412,-0.1201,0
12582844,0.7536,-0.0164,0.0032,0.6571,-0.1547,0.1321,-0.1207,0
12583011,0.7536,-0.0165,0.0032,0.6571,-0.1657,0.1327,-0.1238,0
12583177,0.7536,-0.0166,0.0032,0.6572,-0.1711,0.1469,-0.1122,0
12583344,0.7536,-0.0167,0.0031,0.6571,-0.1702,0.1532,-0.1092,0
12583511,0.7535,-0.0168,0.0031,0.6572,-0.1885,0.1356,-0.1068,0
12583677,0.7535,-0.0169,0.0031,0.6573,-0.1709,0.1567,-0.0943,0
12583844,0.7534,-0.0169,0.0031,0.6573,-0.1803,0.1368,-0.1242,0
12584011,0.7534,-0.0170,0.0031,0.6574,-0.1865,0.1407,-0.0864,0
12584177,0.7533,-0.0171,0.0031,0.6574,-0.1971,0.1599,-0.0984,0
12584344,0.7533,-0.0172,0.0030,0.6575,-0.1829,0.1422,-0.0955,0
12584511,0.7533,-0.0172,0.0030,0.6575,-0.1807,0.1447,-0.1337,0
12584677,0.7532,-0.0173,0.0030,0.6576,-0.1858,0.1581,-0.1065,0
12584844,0.7531,-0.0174,0.0030,0.6576,-0.1990,0.1298,-0.1030,0
12585011,0.7531,-0.0174,0.0030,0.6577,-0.1882,0.1465,-0.1124,0
12585177,0.7530,-0.0175,0.0030,0.6578,-0.1929,0.1516,-0.0959,0
12585344,0.7530,-0.0176,0.0030,0.6578,-0.1863,0.1362,-0.0999,0
12585511,0.7529,-0.0176,0.0029,0.6579,-0.1829,0.1452,-0.1178,0
12585677,0.7529,-0.0177,0.0029,0.6579,-0.1920,0.1567,-0.1188,0
12585844,0.7528,-0.0178,0.0029,0.6580,-0.1984,0.1599,-0.1190,0
12586011,0.7528,-0.0178,0.0029,0.6580,-0.1812,0.1396,-0.1051,0
12586177,0.7528,-0.0179,0.0029,0.6580,-0.1990,0.1560,-0.1136,0
12586344,0.7527,-0.0179,0.0028,0.6581,-0.1841,0.1570,-0.1111,0
12586511,0.7526,-0.0180,0.0028,0.6582,-0.2067,0.1537,-0.1204,0
12586677,0.7519,-0.0053,0.0051,0.6592,-0.0180,-0.0011,-0.0993,0
12586844,0.7519,-0.0053,0.0051,0.6593,-0.0143,0.0030,-0.1129,0
12587011,0.7518,-0.0053,0.0051,0.6593,-0.0014,0.0009,-0.0987,0
12587177,0.7518,-0.0053,0.0051,0.6594,-0.0090,0.0016,-0.1137,0
12587344,0.7518,-0.0053,0.0051,0.6594,0.0006,0.0002,-0.1167,0
12587511,0.7517,-0.0053,0.0051,0.6594,-0.0045,-0.0069,-0.1060,0
12587677,0.7517,-0.0053,0.0051,0.6594,0.0093,0.0032,-0.1133,0
12587844,0.7517,-0.0053,0.0051,0.6594,-0.0053,-0.0048,-0.0994,0
12588011,0.7517,-0.0053,0.0051,0.6594,-0.0087,-0.0048,-0.1138,0
12588177,0.7519,-0.0053,0.0051,0.6592,-0.0036,-0.0090,-0.1207,0
12588344,0.7519,-0.0053,0.0051,0.6592,-0.0192,0.0010,-0.1411,0
12588511,0.7520,-0.0053,0.0051,0.6591,-0.0046,-0.0197,-0.1353,0
12588677,0.7520,-0.0053,0.0051,0.6591,-0.0220,0.0062,-0.0931,0
12588844,0.7521,-0.0053,0.0051,0.6590,-0.0094,0.0059,-0.0964,0
12589011,0.7521,-0.0053,0.0051,0.6590,0.0082,0.0017,-0.1109,0
12589177,0.7522,-0.0053,0.0051,0.6589,-0.0108,0.0059,-0.0982,0
12589344,0.7522,-0.0053,0.0051,0.6588,-0.0072,-0.0105,-0.1140,0
12589511,0.7523,-0.0053,0.0051,0.6588,-0.0061,0.0006,-0.1135,0
12589677,0.7523,-0.0053,0.0051,0.6588,-0.0001,0.0038,-0.1033,0
12589844,0.7524,-0.0053,0.0051,0.6587,-0.0069,0.0042,-0.1172,0
12590011,0.7524,-0.0053,0.0051,0.6587,0.0081,0.0102,-0.1148,0
12590177,0.7525,-0.0053,0.0051,0.6586,-0.0128,0.0093,-0.1116,0
12590344,0.7525,-0.0053,0.0051,0.6585,-0.0104,0.0099,-0.1150,0
12590511,0.7526,-0.0053,0.0051,0.6584,-0.0021,-0.0047,-0.1183,0
12590677,0.7526,-0.0053,0.0051,0.6584,0.0094,-0.0080,-0.1085,0
12590844,0.7527,-0.0053,0.0051,0.6584,-0.0078,0.0032,-0.0919,0
12591011,0.7527,-0.0053,0.0051,0.6583,-0.0153,0.0014,-0.1163,0
12591177,0.7527,-0.0053,0.0051,0.6583,0.0049,0.0100,-0.1032,0
12591344,0.7528,-0.0053,0.0051,0.6582,0.0018,-0.0091,-0.1153,0
12591511,0.7528,-0.0053,0.0051,0.6582,-0.0054,0.0002,-0.1136,0
12591677,0.7528,-0.0053,0.0051,0.6582,-0.0009,-0.0066,-0.1280,0
12591844,0.7528,-0.0053,0.0051,0.6582,0.0036,0.0006,-0.1253,0
12592011,0.7529,-0.0053,0.0051,0.6581,-0.0052,0.0023,-0.1142,0
12592177,0.7529,-0.0053,0.0051,0.6581,-0.0041,-0.0112,-0.0988,0
12592344,0.7529,-0.0053,0.0051,0.6580,-0.0036,-0.0043,-0.1118,0
12592511,0.7530,-0.0053,0.0051,0.6580,-0.0128,0.0059,-0.1177,0
12592677,0.7530,-0.0053,0.0051,0.6579,-0.0079,0.0096,-0.1243,0
12592844,0.7531,-0.0053,0.0051,0.6579,0.0104,0.0051,-0.1204,0
12593011,0.7531,-0.0053,0.0051,0.6578,-0.0070,-0.0020,-0.1274,0
12593177,0.7532,-0.0053,0.0051,0.6578,-0.0073,0.0008,-0.1168,0
12593344,0.7532,-0.0053,0.0051,0.6577,-0.0106,0.0078,-0.0863,0
12593511,0.7533,-0.0053,0.0051,0.6577,-0.0208,0.0016,-0.1202,0
12593677,0.7533,-0.0053,0.0051,0.6577,-0.0144,0.0040,-0.1111,0
12593844,0.7533,-0.0053,0.0051,0.6576,-0.0042,-0.0059,-0.0917,0
12594011,0.7534,-0.0053,0.0051,0.6575,-0.0154,0.0052,-0.1024,0
12594177,0.7534,-0.0053,0.0051,0.6575,0.0090,0.0056,-0.0844,0
12594344,0.7534,-0.0053,0.0051,0.6575,-0.0091,-0.0152,-0.1003,0
12594511,0.7535,-0.0053,0.0051,0.6574,-0.0139,-0.0069,-0.0942,0
12594677,0.7535,-0.0053,0.0051,0.6574,-0.0103,-0.0198,-0.1070,0
12594844,0.7535,-0.0053,0.0051,0.6574,0.0007,-0.0021,-0.1103,0
12595011,0.7536,-0.0053,0.0051,0.6573,-0.0122,-0.0031,-0.0935,0
12595177,0.7536,-0.0053,0.0051,0.6573,-0.0048,-0.0026,-0.1010,0
12595344,0.7536,-0.0053,0.0051,0.6573,0.0008,-0.0025,-0.1061,0
12595511,0.7536,-0.0053,0.0051,0.6572,-0.0120,-0.0001,-0.0843,0
12595677,0.7537,-0.0053,0.0051,0.6572,-0.0042,-0.0082,-0.1085,0
12595844,0.7537,-0.0053,0.0051,0.6572,-0.0052,-0.0085,-0.1095,0
12596011,0.7537,-0.0053,0.0051,0.6571,0.0023,-0.0087,-0.1054,0
12596177,0.7538,-0.0053,0.0051,0.6571,-0.0157,-0.0020,-0.1020,0
12596344,0.7538,-0.0053,0.0051,0.6571,0.0009,-0.0031,-0.0952,0
12596511,0.7538,-0.0053,0.0051,0.6570,-0.0090,-0.0090,-0.1215,0
12596677,0.7538,-0.0053,0.0051,0.6570,-0.0056,-0.0079,-0.1098,0
12596844,0.7539,-0.0053,0.0051,0.6570,-0.0032,-0.0002,-0.0894,0
12597011,0.7539,-0.0053,0.0051,0.6569,-0.0030,0.0081,-0.1055,0
12597178,0.7540,-0.0053,0.0051,0.6569,-0.0009,-0.0089,-0.1040,0
12597344,0.7540,-0.0053,0.0051,0.6568,0.0074,0.0115,-0.1020,0
12597511,0.7540,-0.0053,0.0051,0.6568,-0.0119,-0.0076,-0.0976,0
12597678,0.7540,-0.0053,0.0051,0.6568,0.0013,0.0039,-0.1231,0
12597844,0.7541,-0.0053,0.0051,0.6567,-0.0021,-0.0098,-0.0877,0
12598011,0.7541,-0.0053,0.0051,0.6567,-0.0064,0.0040,-0.1186,0
12598178,0.7541,-0.0053,0.0051,0.6567,0.0015,0.0023,-0.1132,0
12598344,0.7542,-0.0053,0.0051,0.6566,-0.0062,-0.0036,-0.1075,0
12598511,0.7542,-0.0053,0.0051,0.6566,-0.0136,-0.0019,-0.1313,0
12598678,0.7542,-0.0053,0.0051,0.6566,-0.0149,-0.0095,-0.1160,0
12598844,0.7542,-0.0053,0.0051,0.6566,0.0011,0.0034,-0.0892,0
12599011,0.7543,-0.0053,0.0051,0.6565,-0.0019,0.0005,-0.1143,0
12599178,0.7543,-0.0053,0.0051,0.6565,0.0077,0.0060,-0.1140,0
12599344,0.7543,-0.0053,0.0051,0.6564,0.0039,-0.0059,-0.1239,0
12599511,0.7544,-0.0053,0.0051,0.6564,0.0045,0.0054,-0.0943,0
12599678,0.7544,-0.0053,0.0051,0.6564,-0.0078,-0.0014,-0.1104,0
12599844,0.7544,-0.0053,0.0051,0.6563,-0.0123,-0.0033,-0.1125,0
12600011,0.7545,-0.0053,0.0051,0.6563,0.0038,0.0063,-0.1329,0
12600178,0.7545,-0.0053,0.0051,0.6563,0.0010,0.0161,-0.1061,0
12600344,0.7545,-0.0053,0.0051,0.6563,-0.0004,0.0012,-0.1094,0
12600511,0.7545,-0.0053,0.0051,0.6563,0.0096,-0.0097,-0.1178,0
12600678,0.7545,-0.0053,0.0051,0.6562,-0.0059,-0.0010,-0.1295,0
12600844,0.7546,-0.0053,0.0051,0.6562,-0.0027,0.0084,-0.1083,0
12601011,0.7546,-0.0053,0.0051,0.6562,-0.0058,-0.0098,-0.1176,0
12601178,0.7546,-0.0053,0.0051,0.6561,-0.0062,0.0035,-0.0969,0
12601344,0.7546,-0.0053,0.0051,0.6561,0.0099,-0.0034,-0.1141,0
12601511,0.7546,-0.0053,0.0051,0.6561,0.0108,0.0013,-0.0887,0
12601678,0.7547,-0.0053,0.0051,0.6561,0.0032,0.0018,-0.1036,0
12601844,0.7547,-0.0053,0.0051,0.6560,-0.0130,-0.0011,-0.1147,0
12602011,0.7547,-0.0053,0.0051,0.6560,-0.0245,0.0046,-0.1163,0
12602178,0.7547,-0.0053,0.0051,0.6560,-0.0036,-0.0070,-0.0886,0
12602344,0.7548,-0.0053,0.0051,0.6560,-0.0113,-0.0006,-0.1364,0
12602511,0.7548,-0.0053,0.0051,0.6559,-0.0144,0.0005,-0.1229,0
12602678,0.7548,-0.0054,0.0051,0.6559,-0.0015,0.0018,-0.1036,0
12602844,0.7549,-0.0054,0.0051,0.6558,-0.0138,0.0026,-0.0984,0
12603011,0.7548,-0.0054,0.0051,0.6559,0.0033,-0.0150,-0.0950,0
12603178,0.7549,-0.0054,0.0051,0.6558,0.0066,-0.0010,-0.1215,0
12603344,0.7549,-0.0054,0.0051,0.6558,0.0048,0.0006,-0.1139,0
12603511,0.7549,-0.0054,0.0051,0.6558,-0.0049,-0.0115,-0.1074,0
12603678,0.7550,-0.0054,0.0051,0.6557,-0.0160,-0.0076,-0.1087,0
12603844,0.7550,-0.0054,0.0051,0.6557,0.0065,0.0011,-0.0936,0
12604011,0.7550,-0.0054,0.0051,0.6557,-0.0037,0.0090,-0.1014,0
12604178,0.7550,-0.0054,0.0051,0.6556,-0.0005,0.0070,-0.1162,0
12604344,0.7551,-0.0054,0.0052,0.6556,0.0032,0.0056,-0.1245,0
12604511,0.7551,-0.0053,0.0051,0.6556,-0.0006,-0.0109,-0.0967,0
12604678,0.7551,-0.0053,0.0051,0.6556,-0.0162,0.0048,-0.1071,0
12604844,0.7551,-0.0054,0.0051,0.6555,-0.0003,-0.0030,-0.1208,0
12605011,0.7551,-0.0053,0.0051,0.6555,0.0003,-0.0076,-0.1004,0
12605178,0.7551,-0.0053,0.0051,0.6555,0.0023,-0.0024,-0.1231,0
12605344,0.7552,-0.0053,0.0051,0.6555,-0.0130,-0.0032,-0.1184,0
12605511,0.7552,-0.0053,0.0051,0.6555,-0.0068,-0.0083,-0.1304,0
12605678,0.7552,-0.0053,0.0052,0.6554,-0.0054,-0.0069,-0.1121,0
12605844,0.7552,-0.0053,0.0051,0.6554,0.0035,-0.0065,-0.1015,0
12606011,0.7552,-0.0053,0.0051,0.6554,-0.0118,-0.0094,-0.0848,0
12606178,0.7553,-0.0053,0.0051,0.6554,-0.0118,-0.0098,-0.0987,0
12606344,0.7553,-0.0053,0.0051,0.6553,0.0048,0.0022,-0.1235,0
12606511,0.7553,-0.0053,0.0051,0.6553,-0.0006,0.0075,-0.1036,0
12606678,0.7553,-0.0053,0.0051,0.6554,-0.0060,-0.0008,-0.0913,0
12606844,0.7553,-0.0053,0.0051,0.6553,0.0079,-0.0106,-0.0979,0
12607011,0.7553,-0.0053,0.0052,0.6553,-0.0214,0.0030,-0.0925,0
12607178,0.7553,-0.0053,0.0051,0.6553,0.0089,-0.0038,-0.1122,0
12607344,0.7554,-0.0053,0.0052,0.6553,-0.0149,-0.0017,-0.1097,0
12607511,0.7554,-0.0053,0.0052,0.6553,-0.0211,-0.0012,-0.1211,0
12607678,0.7554,-0.0053,0.0052,0.6552,-0.0102,0.0018,-0.1127,0
12607844,0.7554,-0.0053,0.0052,0.6552,-0.0037,0.0136,-0.0872,0
12608011,0.7554,-0.0053,0.0052,0.6552,-0.0086,0.0096,-0.1016,0
12608178,0.7555,-0.0053,0.0052,0.6551,-0.0027,0.0174,-0.0989,0
12608344,0.7555,-0.0053,0.0052,0.6551,0.0042,-0.0024,-0.0881,0
12608511,0.7555,-0.0053,0.0052,0.6551,-0.0131,0.0069,-0.1028,0
12608678,0.7555,-0.0053,0.0052,0.6551,0.0016,0.0091,-0.1033,0
12608844,0.7556,-0.0053,0.0052,0.6550,-0.0016,-0.0016,-0.1146,0
12609011,0.7556,-0.0053,0.0052,0.6550,-0.0032,0.0027,-0.1222,0
12609178,0.7556,-0.0053,0.0052,0.6550,0.0176,0.0098,-0.1098,0
12609344,0.7556,-0.0053,0.0052,0.6550,0.0052,-0.0008,-0.1220,0
12609511,0.7556,-0.0053,0.0052,0.6550,0.0044,-0.0026,-0.1167,0
12609678,0.7556,-0.0053,0.0052,0.6549,-0.0127,0.0002,-0.1078,0
12609844,0.7556,-0.0053,0.0052,0.6549,-0.0076,0.0011,-0.0989,0
12610011,0.7557,-0.0053,0.0052,0.6549,0.0121,-0.0076,-0.1269,0
12610178,0.7557,-0.0053,0.0052,0.6549,0.0042,-0.0063,-0.0910,0
12610344,0.7557,-0.0053,0.0052,0.6549,0.0129,0.0038,-0.1160,0
12610511,0.7557,-0.0053,0.0052,0.6549,-0.0041,-0.0055,-0.1225,0
12610678,0.7557,-0.0053,0.0052,0.6549,-0.0007,0.0018,-0.1165,0
12610844,0.7557,-0.0053,0.0052,0.6549,0.0018,0.0064,-0.1024,0
12611011,0.7557,-0.0053,0.0052,0.6548,0.0011,-0.0016,-0.1197,0
12611178,0.7558,-0.0053,0.0052,0.6548,-0.0087,-0.0143,-0.0730,0
12611344,0.7558,-0.0053,0.0052,0.6548,0.0009,0.0036,-0.1104,0
12611511,0.7558,-0.0053,0.0052,0.6548,0.0004,-0.0005,-0.0988,0
12611678,0.7558,-0.0053,0.0052,0.6547,0.0012,-0.0056,-0.1115,0
12611844,0.7558,-0.0053,0.0052,0.6547,-0.0064,0.0045,-0.0956,0
12612011,0.7558,-0.0053,0.0052,0.6547,-0.0067,-0.0004,-0.1024,0
12612178,0.7559,-0.0053,0.0052,0.6547,-0.0077,0.0107,-0.1096,0
12612344,0.7559,-0.0053,0.0052,0.6547,-0.0054,-0.0027,-0.0944,0
12612511,0.7559,-0.0053,0.0052,0.6547,0.0122,-0.0070,-0.1055,0
12612678,0.7559,-0.0053,0.0052,0.6546,-0.0058,0.0003,-0.0908,0
12612844,0.7559,-0.0053,0.0052,0.6546,-0.0013,-0.0139,-0.1155,0
12613011,0.7559,-0.0053,0.0052,0.6546,-0.0038,-0.0003,-0.1005,0
12613178,0.7559,-0.0053,0.0052,0.6546,0.0033,-0.0054,-0.0923,0
12613344,0.7559,-0.0053,0.0052,0.6546,-0.0073,0.0009,-0.1045,0
12613511,0.7560,-0.0053,0.0052,0.6546,-0.0125,-0.0050,-0.0946,0
12613678,0.7560,-0.0053,0.0052,0.6546,-0.0072,-0.0084,-0.1207,0
12613845,0.7560,-0.0053,0.0052,0.6546,-0.0016,0.0017,-0.0731,0
12614011,0.7560,-0.0053,0.0052,0.6545,-0.0073,-0.0011,-0.1179,0
12614178,0.7560,-0.0053,0.0052,0.6545,0.0040,0.0022,-0.1188,0
12614345,0.7560,-0.0053,0.0052,0.6545,-0.0004,-0.0144,-0.1010,0
12614511,0.7560,-0.0053,0.0052,0.6545,-0.0064,-0.0054,-0.0986,0
12614678,0.7561,-0.0053,0.0052,0.6545,-0.0126,-0.0061,-0.0909,0
12614845,0.7561,-0.0053,0.0052,0.6544,0.0142,-0.0008,-0.1262,0
12615011,0.7561,-0.0053,0.0052,0.6544,0.0078,0.0114,-0.0970,0
12615178,0.7561,-0.0053,0.0052,0.6544,0.0130,0.0130,-0.1213,0
12615345,0.7561,-0.0053,0.0052,0.6544,0.0007,0.0059,-0.1234,0
12615511,0.7561,-0.0053,0.0052,0.6544,-0.0074,0.0082,-0.1239,0
12615678,0.7561,-0.0053,0.0052,0.6544,-0.0054,0.0026,-0.1021,0
12615845,0.7561,-0.0053,0.0052,0.6544,-0.0010,0.0087,-0.1143,0
12616011,0.7561,-0.0053,0.0052,0.6544,-0.0129,-0.0058,-0.0969,0
12616178,0.7561,-0.0053,0.0052,0.6544,0.0003,-0.0024,-0.0972,0
12616345,0.7561,-0.0053,0.0052,0.6544,0.0101,0.0107,-0.0994,0
12616511,0.7561,-0.0053,0.0052,0.6544,0.0094,0.0110,-0.1258,0
12616678,0.7561,-0.0053,0.0053,0.6544,-0.0098,-0.0049,-0.1208,0
12616845,0.7561,-0.0053,0.0053,0.6544,0.0077,-0.0003,-0.0980,0
12617011,0.7562,-0.0053,0.0052,0.6543,0.0018,-0.0091,-0.0840,0
12617178,0.7562,-0.0053,0.0052,0.6543,-0.0216,0.0041,-0.1094,0
12617345,0.7562,-0.0053,0.0052,0.6543,-0.0091,0.0048,-0.1039,0
12617511,0.7562,-0.0053,0.0052,0.6543,0.0026,0.0039,-0.0998,0
12617678,0.7562,-0.0053,0.0052,0.6543,-0.0047,0.0075,-0.0960,0
12617845,0.7562,-0.0053,0.0052,0.6543,0.0033,-0.0044,-0.1225,0
12618011,0.7562,-0.0053,0.0052,0.6543,-0.0085,0.0023,-0.1131,0
12618178,0.7562,-0.0053,0.0052,0.6543,-0.0039,0.0112,-0.1118,0
12618345,0.7562,-0.0053,0.0052,0.6543,-0.0058,0.0103,-0.0841,0
12618511,0.7562,-0.0053,0.0052,0.6543,-0.0029,0.0015,-0.1100,0
12618678,0.7562,-0.0053,0.0052,0.6543,0.0032,0.0046,-0.1078,0
12618845,0.7562,-0.0053,0.0052,0.6543,-0.0093,-0.0083,-0.1071,0
12619011,0.7562,-0.0053,0.0052,0.6542,-0.0121,-0.0068,-0.1063,0
12619178,0.7562,-0.0053,0.0052,0.6542,-0.0049,-0.0030,-0.1310,0
12619345,0.7563,-0.0053,0.0052,0.6542,-0.0078,0.0005,-0.1123,0
12619511,0.7562,-0.0053,0.0052,0.6542,-0.0034,0.0008,-0.1186,0
12619678,0.7563,-0.0053,0.0052,0.6542,-0.0056,0.0069,-0.0932,0
12619845,0.7563,-0.0053,0.0052,0.6542,-0.0098,0.0030,-0.1209,0
12620011,0.7563,-0.0053,0.0052,0.6542,0.0052,0.0072,-0.0803,0
12620178,0.7563,-0.0053,0.0052,0.6542,0.0076,-0.0034,-0.1073,0
12620345,0.7563,-0.0053,0.0052,0.6542,0.0024,-0.0077,-0.1022,0
12620511,0.7563,-0.0053,0.0052,0.6542,-0.0107,0.0098,-0.1024,0
12620678,0.7563,-0.0053,0.0052,0.6542,-0.0048,-0.0039,-0.0908,0
12620845,0.7563,-0.0053,0.0052,0.6541,-0.0009,-0.0052,-0.1163,0
12621011,0.7563,-0.0053,0.0052,0.6541,-0.0121,-0.0088,-0.1197,0
12621178,0.7563,-0.0053,0.0052,0.6541,-0.0069,0.0015,-0.1115,0
12621345,0.7564,-0.0053,0.0052,0.6541,0.0052,0.0005,-0.1120,0
12621511,1.0000,-0.0006,0.0074,0.0000,-0.0047,-0.0022,-0.1021,0
12621678,1.0000,-0.0006,0.0074,-0.0000,-0.0140,0.0091,-0.0932,0
12621845,1.0000,-0.0006,0.0074,-0.0000,0.0014,0.0025,-0.1083,0
12622011,1.0000,-0.0006,0.0074,-0.0000,0.0052,0.0060,-0.1051,0
12622178,1.0000,-0.0006,0.0074,-0.0000,-0.0058,0.0064,-0.1352,0
12622345,1.0000,-0.0006,0.0074,-0.0001,-0.0000,0.0023,-0.1090,0
12622511,1.0000,-0.0006,0.0074,-0.0001,-0.0082,-0.0055,-0.1081,0
12622678,1.0000,-0.0006,0.0074,-0.0001,-0.0041,-0.0045,-0.1052,0
12622845,1.0000,-0.0006,0.0074,-0.0001,-0.0020,-0.0088,-0.0972,0
12623011,1.0000,-0.0006,0.0074,-0.0001,0.0019,-0.0166,-0.1156,0
12623178,1.0000,-0.0006,0.0074,-0.0002,0.0102,0.0083,-0.1215,0
12623345,1.0000,-0.0006,0.0074,-0.0002,-0.0150,0.0208,-0.1005,0
12623511,1.0000,-0.0006,0.0074,-0.0002,-0.0115,0.0022,-0.1016,0
12623678,1.0000,-0.0006,0.0074,-0.0002,-0.0001,0.0077,-0.1032,0
12623845,1.0000,-0.0006,0.0074,-0.0002,-0.0055,-0.0006,-0.1175,0
12624011,1.0000,-0.0006,0.0074,-0.0002,-0.0012,0.0024,-0.1126,0
12624178,1.0000,-0.0007,0.0074,-0.0002,-0.0066,0.0009,-0.0846,0
12624345,1.0000,-0.0006,0.0074,-0.0003,0.0067,0.0064,-0.0979,0
12624511,1.0000,-0.0006,0.0074,-0.0003,0.0085,0.0117,-0.1136,0
12624678,1.0000,-0.0006,0.0074,-0.0003,0.0051,-0.0015,-0.1087,0
12624845,1.0000,-0.0006,0.0074,-0.0003,0.0039,0.0076,-0.1030,0
12625011,1.0000,-0.0006,0.0074,-0.0003,0.0093,0.0038,-0.1006,0
12625178,1.0000,-0.0006,0.0074,-0.0003,-0.0014,0.0064,-0.1115,0
12625345,1.0000,-0.0006,0.0074,-0.0003,0.0147,0.0048,-0.1206,0
12625511,1.0000,-0.0006,0.0074,-0.0003,-0.0036,0.0040,-0.0842,0
12625678,1.0000,-0.0007,0.0074,-0.0003,0.0097,0.0093,-0.1172,0
12625845,1.0000,-0.0006,0.0074,-0.0004,0.0047,0.0124,-0.1022,0
12626011,1.0000,-0.0006,0.0074,-0.0004,-0.0011,0.0003,-0.0739,0
12626178,1.0000,-0.0006,0.0074,-0.0004,0.0001,-0.0054,-0.1100,0
12626345,1.0000,-0.0006,0.0074,-0.0004,-0.0040,0.0015,-0.1070,0
12626511,1.0000,-0.0006,0.0074,-0.0004,-0.0020,-0.0031,-0.1072,0
12626678,1.0000,-0.0006,0.0074,-0.0004,-0.0155,0.0048,-0.1087,0
12626845,1.0000,-0.0006,0.0074,-0.0004,-0.0111,0.0107,-0.0971,0
12627011,1.0000,-0.0006,0.0074,-0.0004,-0.0030,0.0027,-0.1130,0
12627178,1.0000,-0.0006,0.0074,-0.0004,0.0008,0.0015,-0.1021,0
12627345,1.0000,-0.0006,0.0074,-0.0004,-0.0055,0.0093,-0.1059,0
12627511,1.0000,-0.0006,0.0073,-0.0004,-0.0072,-0.0105,-0.1002,0
12627678,1.0000,-0.0006,0.0073,-0.0005,0.0049,-0.0015,-0.0860,0
12627845,1.0000,-0.0006,0.0073,-0.0005,0.0067,0.0054,-0.1058,0
12628011,1.0000,-0.0006,0.0073,-0.0005,-0.0064,-0.0043,-0.1030,0
12628178,1.0000,-0.0006,0.0073,-0.0005,0.0065,-0.0127,-0.1190,0
12628345,1.0000,-0.0006,0.0073,-0.0005,-0.0064,-0.0103,-0.1142,0
12628511,1.0000,-0.0006,0.0073,-0.0005,0.0061,0.0035,-0.1030,0
12628678,1.0000,-0.0006,0.0073,-0.0006,0.0005,0.0091,-0.1084,0
12628845,1.0000,-0.0006,0.0073,-0.0006,0.0055,0.0059,-0.1457,0
12629011,1.0000,-0.0006,0.0073,-0.0006,0.0033,-0.0025,-0.1042,0
12629178,1.0000,-0.0006,0.0073,-0.0006,-0.0098,-0.0091,-0.1037,0
12629345,1.0000,-0.0006,0.0073,-0.0006,0.0022,-0.0004,-0.1124,0
12629511,1.0000,-0.0006,0.0074,-0.0006,-0.0083,0.0051,-0.0865,0
12629678,1.0000,-0.0006,0.0074,-0.0006,-0.0076,-0.0001,-0.1015,0
12629845,1.0000,-0.0006,0.0074,-0.0006,0.0125,-0.0016,-0.1232,0
12630011,1.0000,-0.0006,0.0074,-0.0007,0.0024,0.0107,-0.0898,0
12630178,1.0000,-0.0006,0.0074,-0.0007,0.0033,0.0050,-0.0725,0
12630345,1.0000,-0.0006,0.0074,-0.0007,0.0001,-0.0029,-0.1022,0
12630512,1.0000,-0.0006,0.0074,-0.0007,0.0092,0.0006,-0.1112,0
12630678,1.0000,-0.0006,0.0074,-0.0007,-0.0034,0.0031,-0.0866,0
12630845,1.0000,-0.0006,0.0074,-0.0007,0.0000,0.0129,-0.1000,0
12631012,1.0000,-0.0006,0.0074,-0.0008,-0.0069,0.0064,-0.0980,0
12631178,1.0000,-0.0006,0.0074,-0.0008,-0.0001,-0.0090,-0.1168,0
12631345,1.0000,-0.0006,0.0074,-0.0008,-0.0039,-0.0016,-0.0987,0
12631512,1.0000,-0.0006,0.0074,-0.0008,-0.0052,0.0010,-0.1174,0
12631678,1.0000,-0.0006,0.0074,-0.0008,0.0001,-0.0080,-0.1075,0
12631845,1.0000,-0.0006,0.0074,-0.0008,-0.0151,-0.0059,-0.1039,0
12632012,1.0000,-0.0006,0.0074,-0.0008,-0.0140,-0.0041,-0.1097,0
12632178,1.0000,-0.0006,0.0074,-0.0008,0.0016,0.0034,-0.1295,0
12632345,1.0000,-0.0006,0.0074,-0.0008,0.0039,-0.0031,-0.0948,0
12632512,1.0000,-0.0006,0.0074,-0.0009,0.0074,-0.0009,-0.0855,0
12632678,1.0000,-0.0006,0.0074,-0.0009,0.0047,0.0079,-0.1245,0
12632845,1.0000,-0.0006,0.0074,-0.0009,0.0003,0.0080,-0.1032,0
12633012,1.0000,-0.0006,0.0074,-0.0009,0.0020,-0.0024,-0.0849,0
12633178,1.0000,-0.0006,0.0074,-0.0009,-0.0009,-0.0009,-0.0998,0
12633345,1.0000,-0.0006,0.0074,-0.0009,-0.0090,0.0123,-0.0994,0
12633512,1.0000,-0.0006,0.0074,-0.0009,-0.0195,0.0132,-0.1011,0
12633678,1.0000,-0.0006,0.0074,-0.0009,-0.0030,-0.0053,-0.1059,0
12633845,1.0000,-0.0006,0.0074,-0.0009,-0.0036,-0.0009,-0.0967,0
12634012,1.0000,-0.0006,0.0074,-0.0010,-0.0045,0.0054,-0.0950,0
12634178,1.0000,-0.0006,0.0074,-0.0010,0.0091,0.0028,-0.1014,0
12634345,1.0000,-0.0006,0.0074,-0.0010,0.0024,-0.0044,-0.0991,0
12634512,1.0000,-0.0006,0.0074,-0.0010,0.0041,0.0010,-0.0889,0
12634678,1.0000,-0.0006,0.0074,-0.0010,-0.0140,-0.0044,-0.1148,0
12634845,1.0000,-0.0006,0.0074,-0.0010,0.0062,0.0024,-0.1034,0
12635012,1.0000,-0.0006,0.0074,-0.0010,-0.0065,0.0011,-0.1315,0
12635178,1.0000,-0.0006,0.0074,-0.0011,0.0001,-0.0144,-0.0862,0
12635345,1.0000,-0.0006,0.0074,-0.0011,-0.0069,-0.0017,-0.1240,0
12635512,1.0000,-0.0006,0.0074,-0.0011,-0.0004,-0.0013,-0.1015,0
12635678,1.0000,-0.0006,0.0074,-0.0011,0.0115,-0.0055,-0.1226,0
12635845,1.0000,-0.0006,0.0074,-0.0011,0.0031,0.0070,-0.1046,0
12636012,1.0000,-0.0006,0.0074,-0.0011,0.0047,-0.0139,-0.1201,0
12636178,1.0000,-0.0006,0.0074,-0.0011,-0.0025,0.0063,-0.0941,0
12636345,1.0000,-0.0006,0.0074,-0.0011,-0.0104,-0.0011,-0.1113,0
12636512,1.0000,-0.0006,0.0074,-0.0011,-0.0075,0.0189,-0.0868,0
12636678,1.0000,-0.0006,0.0074,-0.0011,-0.0115,0.0001,-0.1030,0
12636845,1.0000,-0.0006,0.0074,-0.0011,0.0090,0.0055,-0.1080,0
12637012,1.0000,-0.0006,0.0074,-0.0011,0.0048,0.0080,-0.1106,0
12637178,1.0000,-0.0006,0.0074,-0.0011,0.0035,0.0032,-0.1150,0
12637345,1.0000,-0.0006,0.0074,-0.0011,0.0078,-0.0036,-0.1232,0
12637512,1.0000,-0.0006,0.0074,-0.0011,0.0052,-0.0018,-0.0868,0
12637678,1.0000,-0.0006,0.0074,-0.0011,0.0035,-0.0065,-0.1149,0
12637845,1.0000,-0.0006,0.0074,-0.0011,0.0102,0.0130,-0.0820,0
12638012,1.0000,-0.0006,0.0074,-0.0011,0.0021,0.0079,-0.1091,0
12638178,1.0000,-0.0006,0.0074,-0.0011,0.0074,-0.0096,-0.1178,0
12638345,1.0000,-0.0006,0.0074,-0.0011,0.0130,0.0010,-0.1026,0
12638512,1.0000,-0.0006,0.0074,-0.0011,0.0027,0.0034,-0.1103,0
12638678,1.0000,-0.0006,0.0074,-0.0011,0.0093,0.0071,-0.1096,0
12638845,1.0000,-0.0006,0.0074,-0.0012,0.0050,-0.0064,-0.0842,0
12639012,1.0000,-0.0006,0.0074,-0.0011,-0.0077,0.0039,-0.0975,0
12639178,1.0000,-0.0006,0.0074,-0.0012,0.0017,0.0017,-0.1348,0
12639345,1.0000,-0.0006,0.0074,-0.0012,-0.0018,0.0043,-0.1001,0
12639512,1.0000,-0.0006,0.0074,-0.0012,0.0184,-0.0021,-0.1079,0
12639678,1.0000,-0.0006,0.0074,-0.0012,-0.0082,0.0072,-0.1075,0
12639845,1.0000,-0.0006,0.0074,-0.0012,0.0043,0.0091,-0.0965,0
12640012,1.0000,-0.0006,0.0074,-0.0012,0.0082,-0.0072,-0.1054,0
12640178,1.0000,-0.0006,0.0074,-0.0012,0.0034,0.0048,-0.1023,0
12640345,1.0000,-0.0006,0.0074,-0.0012,0.0045,0.0074,-0.1014,0
12640512,1.0000,-0.0006,0.0074,-0.0012,-0.0019,-0.0083,-0.0907,0
12640678,1.0000,-0.0006,0.0074,-0.0012,0.0063,-0.0096,-0.1060,0
12640845,1.0000,-0.0006,0.0074,-0.0013,0.0082,0.0029,-0.1207,0
12641012,1.0000,-0.0006,0.0074,-0.0013,0.0084,0.0048,-0.1082,0
12641178,1.0000,-0.0006,0.0074,-0.0013,0.0107,-0.0055,-0.1108,0
12641345,1.0000,-0.0006,0.0074,-0.0013,0.0082,0.0057,-0.1176,0
12641512,1.0000,-0.0006,0.0074,-0.0013,-0.0065,0.0144,-0.1274,0
12641678,1.0000,-0.0006,0.0074,-0.0013,-0.0036,0.0056,-0.1158,0
12641845,1.0000,-0.0006,0.0074,-0.0013,0.0075,-0.0037,-0.1185,0
12642012,1.0000,-0.0006,0.0074,-0.0013,0.0064,-0.0055,-0.1067,0
12642178,1.0000,-0.0006,0.0074,-0.0013,0.0097,-0.0035,-0.1028,0
12642345,1.0000,-0.0006,0.0074,-0.0013,-0.0017,-0.0055,-0.0969,0
12642512,1.0000,-0.0006,0.0074,-0.0013,-0.0026,0.0025,-0.1221,0
12642678,1.0000,-0.0006,0.0074,-0.0013,0.0042,0.0125,-0.1100,0
12642845,1.0000,-0.0006,0.0074,-0.0013,0.0099,0.0016,-0.1098,0
12643012,1.0000,-0.0006,0.0074,-0.0013,0.0088,-0.0016,-0.1071,0
12643178,1.0000,-0.0006,0.0074,-0.0013,-0.0082,0.0050,-0.1137,0
12643345,1.0000,-0.0006,0.0074,-0.0013,0.0086,0.0002,-0.0981,0
12643512,1.0000,-0.0006,0.0074,-0.0013,0.0049,0.0139,-0.1141,0
12643678,1.0000,-0.0006,0.0074,-0.0013,-0.0051,0.0057,-0.1169,0
12643845,1.0000,-0.0006,0.0074,-0.0014,0.0021,-0.0012,-0.1084,0
12644012,1.0000,-0.0006,0.0074,-0.0014,-0.0017,0.0085,-0.0852,0
12644178,1.0000,-0.0006,0.0074,-0.0014,0.0052,0.0179,-0.1071,0
12644345,1.0000,-0.0006,0.0074,-0.0014,0.0096,0.0064,-0.1183,0
12644512,1.0000,-0.0006,0.0074,-0.0014,-0.0101,0.0087,-0.0911,0
12644678,1.0000,-0.0006,0.0074,-0.0014,0.0087,-0.0057,-0.1149,0
12644845,1.0000,-0.0006,0.0074,-0.0014,0.0002,0.0022,-0.0936,0
12645012,1.0000,-0.0006,0.0074,-0.0014,0.0038,0.0003,-0.1021,0
12645178,1.0000,-0.0006,0.0074,-0.0014,0.0039,0.0131,-0.1110,0
12645345,1.0000,-0.0006,0.0074,-0.0014,0.0120,-0.0072,-0.1098,0
12645512,1.0000,-0.0006,0.0074,-0.0014,0.0008,0.0087,-0.1180,0
12645678,1.0000,-0.0006,0.0074,-0.0014,-0.0011,-0.0002,-0.1083,0
12645845,1.0000,-0.0006,0.0074,-0.0014,0.0078,0.0087,-0.0976,0
12646012,1.0000,-0.0006,0.0074,-0.0014,-0.0004,0.0142,-0.1139,0
12646178,1.0000,-0.0006,0.0074,-0.0015,-0.0011,-0.0036,-0.0988,0
12646345,1.0000,-0.0006,0.0074,-0.0015,0.0039,0.0022,-0.1101,0
12646512,1.0000,-0.0006,0.0074,-0.0015,0.0070,0.0145,-0.1042,0
12646678,1.0000,-0.0006,0.0074,-0.0015,-0.0049,-0.0015,-0.1046,0
12646845,1.0000,-0.0006,0.0074,-0.0015,0.0010,0.0023,-0.0871,0
12647012,1.0000,-0.0006,0.0074,-0.0015,-0.0091,0.0061,-0.1097,0
12647179,1.0000,-0.0006,0.0074,-0.0015,0.0014,-0.0012,-0.1133,0
12647345,1.0000,-0.0006,0.0074,-0.0015,0.0009,-0.0044,-0.1102,0
12647512,1.0000,-0.0006,0.0074,-0.0015,-0.0110,0.0119,-0.1074,0
12647679,1.0000,-0.0006,0.0074,-0.0015,-0.0080,0.0028,-0.1005,0
12647845,1.0000,-0.0006,0.0074,-0.0015,0.0025,0.0105,-0.1009,0
12648012,1.0000,-0.0006,0.0074,-0.0015,0.0070,0.0125,-0.1097,0
12648179,1.0000,-0.0006,0.0074,-0.0015,0.0025,0.0101,-0.1087,0
12648345,1.0000,-0.0006,0.0074,-0.0015,-0.0017,-0.0054,-0.0991,0
12648512,1.0000,-0.0006,0.0074,-0.0015,-0.0057,-0.0047,-0.1174,0
12648679,1.0000,-0.0006,0.0074,-0.0015,0.0015,0.0021,-0.0956,0
12648845,1.0000,-0.0006,0.0074,-0.0015,0.0019,0.0158,-0.1048,0
12649012,1.0000,-0.0006,0.0074,-0.0015,-0.0077,0.0029,-0.0899,0
12649179,1.0000,-0.0006,0.0074,-0.0015,-0.0015,0.0110,-0.1247,0
12649345,1.0000,-0.0006,0.0074,-0.0015,0.0021,0.0283,-0.1179,0
12649512,1.0000,-0.0006,0.0074,-0.0015,-0.0004,0.0115,-0.1107,0
12649679,1.0000,-0.0006,0.0074,-0.0015,0.0067,0.0043,-0.1151,0
12649845,1.0000,-0.0006,0.0074,-0.0015,-0.0043,0.0104,-0.1128,0
12650012,1.0000,-0.0006,0.0074,-0.0015,0.0064,0.0128,-0.0950,0
12650179,1.0000,-0.0006,0.0074,-0.0015,0.0061,0.0158,-0.1135,0
12650345,1.0000,-0.0006,0.0074,-0.0015,0.0166,0.0108,-0.1038,0
12650512,1.0000,-0.0006,0.0074,-0.0015,-0.0036,-0.0126,-0.1073,0
12650679,1.0000,-0.0006,0.0074,-0.0015,-0.0094,0.0043,-0.0961,0
12650845,1.0000,-0.0006,0.0074,-0.0015,0.0155,-0.0159,-0.1031,0
12651012,1.0000,-0.0006,0.0074,-0.0016,-0.0127,-0.0092,-0.0990,0
12651179,1.0000,-0.0006,0.0074,-0.0016,0.0087,0.0170,-0.1195,0
12651345,1.0000,-0.0006,0.0074,-0.0016,0.0092,-0.0036,-0.0984,0
12651512,1.0000,-0.0006,0.0074,-0.0016,-0.0065,0.0008,-0.1126,0
12651679,1.0000,-0.0006,0.0074,-0.0016,-0.0004,-0.0070,-0.1004,0
12651845,1.0000,-0.0006,0.0074,-0.0016,0.0020,0.0048,-0.1079,0
12652012,1.0000,-0.0006,0.0074,-0.0016,0.0056,0.0116,-0.1041,0
12652179,1.0000,-0.0006,0.0074,-0.0016,0.0091,0.0101,-0.1126,0
12652345,1.0000,-0.0006,0.0074,-0.0016,-0.0032,-0.0077,-0.1049,0
12652512,1.0000,-0.0006,0.0074,-0.0016,0.0011,0.0020,-0.1124,0
12652679,1.0000,-0.0006,0.0074,-0.0016,-0.0064,0.0041,-0.1034,0
12652845,1.0000,-0.0006,0.0074,-0.0016,-0.0064,0.0075,-0.1168,0
12653012,1.0000,-0.0006,0.0074,-0.0016,-0.0054,0.0005,-0.0995,0
12653179,1.0000,-0.0006,0.0074,-0.0017,-0.0001,0.0064,-0.0961,0
12653345,1.0000,-0.0006,0.0074,-0.0017,-0.0013,0.0213,-0.1040,0
12653512,1.0000,-0.0006,0.0074,-0.0017,0.0039,0.0015,-0.0895,0
12653679,1.0000,-0.0006,0.0074,-0.0017,0.0015,-0.0076,-0.1170,0
12653845,1.0000,-0.0006,0.0074,-0.0017,0.0032,-0.0036,-0.0950,0
12654012,1.0000,-0.0006,0.0074,-0.0017,0.0199,0.0121,-0.1018,0
12654179,1.0000,-0.0006,0.0074,-0.0017,-0.0035,-0.0069,-0.1041,0
12654345,1.0000,-0.0006,0.0074,-0.0017,-0.0027,0.0050,-0.1036,0
12654512,1.0000,-0.0006,0.0074,-0.0017,0.0169,0.0025,-0.1113,0
12654679,1.0000,-0.0006,0.0074,-0.0017,0.0028,0.0201,-0.1067,0
12654845,1.0000,-0.0006,0.0074,-0.0017,-0.0026,0.0080,-0.1171,0
12655012,1.0000,-0.0006,0.0074,-0.0017,0.0076,-0.0048,-0.0887,0
12655179,1.0000,-0.0006,0.0074,-0.0017,-0.0063,0.0095,-0.1219,0
12655345,1.0000,-0.0006,0.0074,-0.0017,-0.0057,0.0110,-0.0981,0
12655512,1.0000,-0.0006,0.0074,-0.0017,0.0034,0.0058,-0.1220,0
12655679,1.0000,-0.0006,0.0074,-0.0017,0.0156,0.0039,-0.1018,0
12655845,1.0000,-0.0006,0.0074,-0.0017,0.0175,-0.0091,-0.1176,0
12656012,1.0000,-0.0006,0.0074,-0.0017,0.0038,-0.0011,-0.1102,0
12656179,1.0000,-0.0006,0.0074,-0.0017,-0.0079,-0.0028,-0.1074,0
12656345,1.0000,-0.0006,0.0074,-0.0017,0.0141,-0.0037,-0.1081,0
12656512,1.0000,-0.0006,0.0074,-0.0017,-0.0033,0.0003,-0.1168,0
12656679,1.0000,-0.0006,0.0074,-0.0017,-0.0016,0.0002,-0.0966,0
12656845,1.0000,-0.0006,0.0074,-0.0017,-0.0006,0.0060,-0.1080,0
12657012,1.0000,-0.0006,0.0074,-0.0017,0.0044,0.0072,-0.1103,0
12657179,1.0000,-0.0006,0.0074,-0.0017,0.0023,-0.0167,-0.1005,0
12657345,1.0000,-0.0006,0.0074,-0.0017,0.0014,-0.0052,-0.1143,0
12657512,1.0000,-0.0006,0.0074,-0.0017,0.0011,-0.0063,-0.1208,0
12657679,1.0000,-0.0006,0.0074,-0.0017,0.0141,-0.0090,-0.1114,0
12657845,1.0000,-0.0006,0.0074,-0.0017,0.0037,0.0080,-0.1102,0
12658012,1.0000,-0.0006,0.0074,-0.0017,0.0031,0.0036,-0.1065,0
12658179,1.0000,-0.0006,0.0074,-0.0017,0.0134,0.0072,-0.1099,0
12658345,1.0000,-0.0006,0.0074,-0.0017,0.0093,0.0088,-0.0867,0
12658512,1.0000,-0.0006,0.0074,-0.0018,0.0005,-0.0060,-0.1062,0
12658679,1.0000,-0.0006,0.0074,-0.0018,-0.0040,0.0050,-0.1107,0
12658845,1.0000,-0.0006,0.0074,-0.0018,0.0015,-0.0012,-0.0883,0
12659012,1.0000,-0.0006,0.0074,-0.0018,0.0142,0.0052,-0.1177,0
12659179,1.0000,-0.0006,0.0074,-0.0018,-0.0054,0.0012,-0.1116,0
12659345,1.0000,-0.0006,0.0074,-0.0018,-0.0057,0.0063,-0.0996,0
12659512,1.0000,-0.0006,0.0074,-0.0018,0.0016,0.0080,-0.1378,0
12659679,1.0000,-0.0006,0.0074,-0.0018,-0.0022,-0.0002,-0.1214,0
12659845,1.0000,-0.0006,0.0074,-0.0018,0.0014,-0.0011,-0.0955,0
12660012,1.0000,-0.0006,0.0074,-0.0018,-0.0050,-0.0002,-0.1259,0
12660179,1.0000,-0.0006,0.0074,-0.0018,0.0066,-0.0037,-0.0824,0
12660345,1.0000,-0.0006,0.0074,-0.0018,0.0020,0.0046,-0.1051,0
12660512,1.0000,-0.0006,0.0074,-0.0018,0.0032,-0.0124,-0.1169,0
12660679,1.0000,-0.0006,0.0074,-0.0018,0.0001,-0.0023,-0.1089,0
12660845,1.0000,-0.0006,0.0074,-0.0018,0.0050,0.0134,-0.0985,0
12661012,1.0000,-0.0006,0.0074,-0.0018,0.0034,0.0189,-0.1230,0
12661179,1.0000,-0.0006,0.0074,-0.0018,0.0055,-0.0059,-0.1110,0
12661345,1.0000,-0.0006,0.0074,-0.0018,0.0141,0.0062,-0.0934,0
12661512,1.0000,-0.0006,0.0074,-0.0018,0.0008,0.0193,-0.1218,0
12661679,1.0000,-0.0006,0.0074,-0.0018,-0.0099,0.0107,-0.0972,0
12661845,1.0000,-0.0006,0.0074,-0.0018,-0.0215,0.0047,-0.1037,0
12662012,1.0000,-0.0006,0.0074,-0.0018,-0.0112,0.0111,-0.0951,0
12662179,1.0000,-0.0006,0.0074,-0.0018,0.0094,-0.0004,-0.1093,0
12662345,1.0000,-0.0006,0.0074,-0.0018,0.0132,0.0068,-0.1083,0
12662512,1.0000,-0.0006,0.0074,-0.0018,0.0112,-0.0079,-0.1106,0
12662679,1.0000,-0.0006,0.0074,-0.0018,-0.0069,0.0070,-0.1145,0
12662845,1.0000,-0.0006,0.0074,-0.0018,0.0014,0.0158,-0.1135,0
12663012,1.0000,-0.0006,0.0074,-0.0018,0.0018,-0.0016,-0.1114,0
12663179,1.0000,-0.0006,0.0075,-0.0019,0.0002,0.0078,-0.1124,0
12663345,1.0000,-0.0006,0.0074,-0.0019,0.0081,0.0081,-0.1208,0
12663512,1.0000,-0.0006,0.0074,-0.0019,0.0158,-0.0025,-0.0981,0
12663679,1.0000,-0.0006,0.0074,-0.0019,-0.0006,0.0041,-0.1087,0
12663846,1.0000,-0.0006,0.0074,-0.0019,0.0083,0.0068,-0.0894,0
12664012,1.0000,-0.0006,0.0074,-0.0019,-0.0038,0.0028,-0.1227,0
12664179,1.0000,-0.0006,0.0074,-0.0019,-0.0050,-0.0086,-0.1003,0
12664346,1.0000,-0.0006,0.0074,-0.0019,0.0123,-0.0122,-0.1013,0
12664512,1.0000,-0.0006,0.0074,-0.0019,-0.0015,-0.0064,-0.1025,0
12664679,1.0000,-0.0006,0.0074,-0.0019,-0.0001,0.0047,-0.1090,0
12664846,1.0000,-0.0006,0.0074,-0.0019,0.0054,0.0061,-0.1135,0
12665012,1.0000,-0.0006,0.0074,-0.0020,0.0034,-0.0034,-0.1067,0
12665179,1.0000,-0.0006,0.0074,-0.0020,0.0038,-0.0033,-0.1232,0
12665346,1.0000,-0.0006,0.0074,-0.0020,-0.0037,0.0031,-0.1005,0
12665512,1.0000,-0.0006,0.0074,-0.0020,-0.0070,0.0088,-0.1028,0
12665679,1.0000,-0.0006,0.0074,-0.0020,0.0057,0.0004,-0.1077,0
12665846,1.0000,-0.0006,0.0074,-0.0020,0.0049,0.0006,-0.1038,0
12666012,1.0000,-0.0006,0.0074,-0.0020,0.0087,0.0089,-0.1087,0
12666179,1.0000,-0.0006,0.0074,-0.0020,0.0057,-0.0083,-0.1196,0
12666346,1.0000,-0.0006,0.0074,-0.0020,0.0074,-0.0029,-0.1014,0
12666512,1.0000,-0.0006,0.0074,-0.0020,-0.0052,-0.0073,-0.0843,0
12666679,1.0000,-0.0006,0.0074,-0.0019,0.0011,-0.0103,-0.1072,0
12666846,1.0000,-0.0006,0.0074,-0.0019,0.0126,-0.0021,-0.0915,0
12667012,1.0000,-0.0006,0.0074,-0.0019,-0.0159,-0.0024,-0.1171,0
12667179,1.0000,-0.0006,0.0074,-0.0019,-0.0061,-0.0009,-0.1111,0
12667346,1.0000,-0.0006,0.0074,-0.0019,0.0065,-0.0034,-0.0917,0
12667512,1.0000,-0.0006,0.0074,-0.0019,-0.0015,0.0066,-0.0970,0
12667679,1.0000,-0.0006,0.0074,-0.0019,0.0004,0.0040,-0.1283,0
12667846,1.0000,-0.0006,0.0074,-0.0019,0.0095,0.0045,-0.1218,0
12668012,1.0000,-0.0006,0.0074,-0.0019,0.0062,-0.0044,-0.1030,0
12668179,1.0000,-0.0006,0.0074,-0.0019,-0.0002,-0.0114,-0.1018,0
12668346,1.0000,-0.0006,0.0074,-0.0019,0.0009,0.0081,-0.1133,0
12668512,1.0000,-0.0006,0.0074,-0.0019,-0.0125,-0.0104,-0.1054,0
12668679,1.0000,-0.0006,0.0074,-0.0019,0.0216,-0.0081,-0.1216,0
12668846,1.0000,-0.0006,0.0074,-0.0019,0.0053,-0.0042,-0.1075,0
12669012,1.0000,-0.0006,0.0074,-0.0020,-0.0123,0.0047,-0.1059,0
12669179,1.0000,-0.0006,0.0074,-0.0020,0.0102,-0.0016,-0.1107,0
12669346,1.0000,-0.0006,0.0074,-0.0020,-0.0059,-0.0041,-0.1048,0
12669512,1.0000,-0.0006,0.0074,-0.0020,-0.0015,0.0034,-0.1074,0
12669679,1.0000,-0.0006,0.0074,-0.0020,0.0055,0.0106,-0.0991,0
12669846,1.0000,-0.0006,0.0074,-0.0020,-0.0150,-0.0011,-0.0981,0
12670012,1.0000,-0.0006,0.0074,-0.0020,-0.0065,0.0120,-0.1050,0
12670179,1.0000,-0.0006,0.0074,-0.0020,0.0027,-0.0052,-0.0936,0
12670346,1.0000,-0.0006,0.0074,-0.0020,0.0013,0.0051,-0.1196,0
12670512,1.0000,-0.0006,0.0074,-0.0020,-0.0041,-0.0088,-0.1018,0
12670679,1.0000,-0.0006,0.0074,-0.0020,-0.0018,-0.0059,-0.0990,0
12670846,1.0000,-0.0006,0.0074,-0.0020,-0.0009,0.0085,-0.0844,0
12671012,1.0000,-0.0006,0.0074,-0.0020,-0.0195,-0.0028,-0.1227,0
12671179,1.0000,-0.0006,0.0074,-0.0020,0.0092,0.0039,-0.0961,0
12671346,1.0000,-0.0006,0.0074,-0.0020,0.0050,0.0047,-0.1127,0
12671512,1.0000,-0.0006,0.0074,-0.0020,-0.0008,-0.0079,-0.1252,0
12671679,1.0000,-0.0006,0.0074,-0.0020,0.0021,0.0129,-0.0994,0
12671846,1.0000,-0.0006,0.0074,-0.0020,-0.0050,0.0048,-0.0891,0
12672012,1.0000,-0.0006,0.0074,-0.0020,-0.0154,0.0025,-0.1055,0
12672179,1.0000,-0.0006,0.0074,-0.0020,0.0018,0.0026,-0.0897,0
12672346,1.0000,-0.0006,0.0074,-0.0020,-0.0081,0.0009,-0.1076,0
12672512,1.0000,-0.0006,0.0074,-0.0020,0.0092,0.0103,-0.0877,0
12672679,1.0000,-0.0006,0.0074,-0.0020,-0.0075,0.0127,-0.1127,0
12672846,1.0000,-0.0006,0.0074,-0.0020,-0.0097,0.0167,-0.0980,0
12673012,1.0000,-0.0006,0.0074,-0.0020,-0.0024,-0.0021,-0.0921,0
12673179,1.0000,-0.0006,0.0074,-0.0020,-0.0131,-0.0085,-0.0920,0
12673346,1.0000,-0.0006,0.0074,-0.0020,0.0026,0.0038,-0.1015,0
12673512,1.0000,-0.0006,0.0074,-0.0020,-0.0052,-0.0081,-0.1067,0
12673679,1.0000,-0.0006,0.0074,-0.0020,-0.0102,0.0086,-0.1046,0
12673846,1.0000,-0.0006,0.0074,-0.0020,0.0042,0.0079,-0.1235,0
12674012,1.0000,-0.0006,0.0074,-0.0020,-0.0059,0.0144,-0.1035,0
12674179,1.0000,-0.0006,0.0074,-0.0020,0.0016,-0.0040,-0.1084,0
12674346,1.0000,-0.0006,0.0074,-0.0020,-0.0052,0.0028,-0.0971,0
12674512,1.0000,-0.0006,0.0074,-0.0021,0.0038,-0.0008,-0.1085,0
12674679,1.0000,-0.0006,0.0074,-0.0020,0.0082,-0.0013,-0.1064,0
12674846,1.0000,-0.0006,0.0074,-0.0020,-0.0041,0.0091,-0.0888,0
12675012,1.0000,-0.0006,0.0074,-0.0021,-0.0079,-0.0001,-0.1148,0
12675179,1.0000,-0.0006,0.0074,-0.0021,-0.0001,-0.0028,-0.1070,0
12675346,1.0000,-0.0006,0.0074,-0.0021,-0.0106,-0.0073,-0.1299,0
12675512,1.0000,-0.0006,0.0074,-0.0021,-0.0059,0.0149,-0.1050,0
12675679,1.0000,-0.0006,0.0074,-0.0021,-0.0026,0.0031,-0.1140,0
12675846,1.0000,-0.0006,0.0074,-0.0021,0.0071,0.0084,-0.0954,0
12676012,1.0000,-0.0006,0.0074,-0.0021,0.0009,0.0049,-0.0962,0
12676179,1.0000,-0.0006,0.0074,-0.0021,-0.0127,0.0071,-0.1123,0
12676346,1.0000,-0.0006,0.0074,-0.0021,-0.0031,0.0088,-0.1023,0
12676512,1.0000,-0.0007,0.0074,-0.0021,0.0028,-0.0023,-0.1122,0
12676679,1.0000,-0.0006,0.0074,-0.0021,-0.0078,0.0116,-0.0990,0
12676846,1.0000,-0.0006,0.0074,-0.0021,0.0090,-0.0180,-0.1002,0
12677012,1.0000,-0.0007,0.0074,-0.0021,-0.0013,-0.0003,-0.1122,0
12677179,1.0000,-0.0006,0.0074,-0.0021,0.0005,-0.0039,-0.1060,0
12677346,1.0000,-0.0006,0.0074,-0.0021,0.0068,0.0037,-0.1129,0
12677512,1.0000,-0.0006,0.0074,-0.0021,0.0032,0.0121,-0.1213,0
12677679,1.0000,-0.0006,0.0074,-0.0021,-0.0048,-0.0020,-0.0962,0
12677846,1.0000,-0.0006,0.0074,-0.0021,-0.0001,0.0098,-0.1273,0
12678012,1.0000,-0.0006,0.0074,-0.0021,0.0000,-0.0003,-0.1008,0
12678179,1.0000,-0.0006,0.0074,-0.0022,0.0014,-0.0015,-0.1126,0
12678346,1.0000,-0.0006,0.0074,-0.0022,-0.0162,0.0073,-0.0787,0
12678512,1.0000,-0.0006,0.0074,-0.0022,0.0051,-0.0036,-0.1184,0
12678679,1.0000,-0.0006,0.0074,-0.0022,-0.0051,-0.0076,-0.1031,0
12678846,1.0000,-0.0006,0.0074,-0.0022,-0.0072,0.0053,-0.1029,0
12679012,1.0000,-0.0006,0.0074,-0.0022,0.0197,0.0191,-0.1278,0
12679179,1.0000,-0.0006,0.0074,-0.0022,-0.0038,0.0069,-0.1231,0
12679346,1.0000,-0.0006,0.0074,-0.0022,-0.0032,-0.0033,-0.0999,0
12679512,1.0000,-0.0006,0.0074,-0.0022,-0.0035,-0.0078,-0.1029,0
12679679,1.0000,-0.0006,0.0074,-0.0022,0.0097,0.0383,-0.0969,0
12679846,1.0000,-0.0006,0.0074,-0.0022,0.0044,0.0258,-0.1618,0
12680012,1.0000,-0.0006,0.0074,-0.0022,-0.0235,-0.0321,-0.0291,0
12680179,1.0000,-0.0006,0.0074,-0.0022,-0.0029,-0.0123,-0.1538,0
12680346,1.0000,-0.0006,0.0074,-0.0022,0.0288,0.0148,-0.1171,0
12680513,1.0000,-0.0006,0.0074,-0.0022,-0.0021,0.0006,-0.1129,0
12680679,1.0000,-0.0006,0.0074,-0.0022,-0.0147,-0.0085,-0.0868,0
12680846,1.0000,-0.0006,0.0074,-0.0022,-0.0048,-0.0230,-0.1288,0
12681013,1.0000,-0.0006,0.0074,-0.0022,-0.0058,-0.0049,-0.0945,0
12681179,1.0000,-0.0006,0.0074,-0.0022,-0.0033,0.0072,-0.1083,0
12681346,1.0000,-0.0006,0.0074,-0.0022,0.0022,-0.0129,-0.0993,0
12681513,1.0000,-0.0006,0.0074,-0.0022,-0.0214,-0.0101,-0.0931,0
12681679,1.0000,-0.0006,0.0074,-0.0022,-0.0161,0.0149,-0.1063,0
12681846,1.0000,-0.0006,0.0074,-0.0022,0.0127,0.0007,-0.0998,0
12682013,1.0000,-0.0006,0.0074,-0.0022,-0.0017,0.0079,-0.1384,0
12682179,1.0000,-0.0006,0.0074,-0.0022,-0.0168,-0.0061,-0.0860,0
12682346,1.0000,-0.0006,0.0074,-0.0022,0.0083,0.0002,-0.1100,0
12682513,1.0000,-0.0006,0.0074,-0.0022,-0.0051,0.0202,-0.1176,0
12682679,1.0000,-0.0006,0.0074,-0.0022,0.0025,0.0041,-0.1216,0
12682846,1.0000,-0.0006,0.0074,-0.0022,-0.0023,0.0020,-0.1128,0
12683013,1.0000,-0.0006,0.0074,-0.0022,-0.0165,-0.0259,-0.1219,0
12683179,1.0000,-0.0006,0.0074,-0.0022,-0.0126,0.0178,-0.1112,0
12683346,1.0000,-0.0006,0.0074,-0.0022,0.0003,0.0061,-0.1037,0
12683513,1.0000,-0.0006,0.0074,-0.0022,0.0068,0.0095,-0.1175,0
12683679,1.0000,-0.0006,0.0074,-0.0022,-0.0116,0.0025,-0.0897,0
12683846,1.0000,-0.0006,0.0074,-0.0022,0.0024,-0.0042,-0.0897,0
12684013,1.0000,-0.0006,0.0074,-0.0022,-0.0007,-0.0032,-0.1200,0
12684179,1.0000,-0.0006,0.0074,-0.0022,0.0038,-0.0006,-0.1223,0
12684346,1.0000,-0.0006,0.0074,-0.0022,-0.0069,-0.0009,-0.1258,0
12684513,1.0000,-0.0006,0.0074,-0.0022,-0.0040,-0.0123,-0.0975,0
12684679,1.0000,-0.0006,0.0074,-0.0022,0.0045,0.0012,-0.1221,0
12684846,1.0000,-0.0006,0.0074,-0.0022,0.0144,0.0066,-0.0678,0
12685013,1.0000,-0.0006,0.0074,-0.0022,0.0113,-0.0010,-0.1748,0
12685179,1.0000,-0.0006,0.0074,-0.0022,-0.0134,-0.0008,-0.0748,0
12685346,1.0000,-0.0006,0.0074,-0.0022,-0.0174,0.0003,-0.1094,0
12685513,1.0000,-0.0006,0.0074,-0.0022,0.0018,0.0142,-0.1060,0
12685679,1.0000,-0.0006,0.0074,-0.0022,0.0059,0.0024,-0.1166,0
12685846,1.0000,-0.0006,0.0074,-0.0022,-0.0108,-0.0110,-0.1291,0
12686013,1.0000,-0.0006,0.0074,-0.0022,-0.0062,-0.0344,-0.1141,0
12686179,1.0000,-0.0006,0.0074,-0.0022,-0.0073,-0.0002,-0.1048,0
12686346,1.0000,-0.0006,0.0074,-0.0022,0.0183,0.0153,-0.1150,0
12686513,1.0000,-0.0006,0.0075,-0.0022,0.0117,-0.0237,-0.1352,0
12686679,1.0000,-0.0006,0.0074,-0.0022,-0.0059,-0.0025,-0.0817,0
12686846,1.0000,-0.0006,0.0074,-0.0022,-0.0022,-0.0078,-0.1061,0
12687013,1.0000,-0.0006,0.0074,-0.0022,0.0069,0.0009,-0.1029,0
12687179,1.0000,-0.0006,0.0074,-0.0022,0.0020,0.0057,-0.1277,0
12687346,1.0000,-0.0006,0.0074,-0.0022,0.0048,-0.0227,-0.0860,0
12687513,1.0000,-0.0006,0.0074,-0.0022,-0.0125,-0.0156,-0.1134,0
12687679,1.0000,-0.0006,0.0074,-0.0023,-0.0031,0.0134,-0.1141,0
12687846,1.0000,-0.0006,0.0074,-0.0023,0.0144,0.0192,-0.1413,0
12688013,1.0000,-0.0006,0.0074,-0.0022,-0.0182,-0.0049,-0.0764,0
12688179,1.0000,-0.0006,0.0074,-0.0022,-0.0269,-0.0249,-0.1243,0
12688346,1.0000,-0.0006,0.0074,-0.0022,-0.0194,-0.0003,-0.1099,0
12688513,1.0000,-0.0006,0.0074,-0.0023,0.0172,0.0095,-0.1478,0
12688679,1.0000,-0.0006,0.0074,-0.0023,0.0186,0.0103,-0.1028,0
12688846,1.0000,-0.0006,0.0074,-0.0023,-0.0031,-0.0085,-0.1304,0
12689013,1.0000,-0.0006,0.0074,-0.0023,-0.0209,-0.0162,-0.0948,0
12689179,1.0000,-0.0006,0.0074,-0.0022,0.0035,0.0093,-0.1038,0
12689346,1.0000,-0.0006,0.0074,-0.0022,0.0167,0.0114,-0.0876,0
12689513,1.0000,-0.0006,0.0074,-0.0022,0.0050,-0.0104,-0.1308,0
12689679,1.0000,-0.0006,0.0074,-0.0022,-0.0192,0.0028,-0.1029,0
12689846,1.0000,-0.0006,0.0074,-0.0022,-0.0038,0.0035,-0.1201,0
12690013,1.0000,-0.0006,0.0074,-0.0022,0.0134,0.0194,-0.1319,0
12690179,1.0000,-0.0006,0.0074,-0.0022,0.0006,0.0065,-0.1154,0
12690346,1.0000,-0.0006,0.0074,-0.0023,-0.0008,-0.0231,-0.1098,0
12690513,1.0000,-0.0006,0.0074,-0.0023,-0.0242,-0.0071,-0.1009,0
12690679,1.0000,-0.0006,0.0074,-0.0023,0.0184,0.0096,-0.1232,0
12690846,1.0000,-0.0006,0.0074,-0.0023,0.0159,0.0042,-0.1292,0
12691013,1.0000,-0.0006,0.0074,-0.0023,0.0034,0.0003,-0.1441,0
12691179,1.0000,-0.0007,0.0074,-0.0023,-0.0101,-0.0243,-0.0807,0
12691346,1.0000,-0.0007,0.0074,-0.0023,-0.0218,0.0032,-0.1070,0
12691513,1.0000,-0.0007,0.0074,-0.0023,0.0278,0.0164,-0.1040,0
12691679,1.0000,-0.0007,0.0074,-0.0023,-0.0034,-0.0079,-0.1206,0
12691846,1.0000,-0.0007,0.0074,-0.0023,-0.0255,-0.0081,-0.0833,0
12692013,1.0000,-0.0007,0.0074,-0.0023,-0.0169,0.0052,-0.0835,0
12692179,1.0000,-0.0007,0.0074,-0.0023,0.0029,0.0215,-0.1079,0
12692346,1.0000,-0.0007,0.0074,-0.0023,0.0088,0.0287,-0.1216,0
12692513,1.0000,-0.0007,0.0074,-0.0023,-0.0081,-0.0073,-0.1079,0
12692679,1.0000,-0.0007,0.0074,-0.0023,-0.0034,-0.0012,-0.1232,0
12692846,1.0000,-0.0007,0.0074,-0.0023,-0.0058,-0.0032,-0.0957,0
12693013,1.0000,-0.0007,0.0074,-0.0023,0.0147,0.0118,-0.1210,0
12693179,1.0000,-0.0007,0.0074,-0.0023,0.0095,0.0114,-0.1126,0
12693346,1.0000,-0.0006,0.0074,-0.0023,-0.0271,-0.0064,-0.0816,0
12693513,1.0000,-0.0007,0.0074,-0.0023,-0.0219,-0.0010,-0.1029,0
12693679,1.0000,-0.0007,0.0074,-0.0023,0.0043,0.0102,-0.0819,0
12693846,1.0000,-0.0007,0.0074,-0.0023,0.0078,0.0134,-0.1071,0
12694013,1.0000,-0.0007,0.0074,-0.0023,-0.0012,0.0027,-0.0946,0
12694179,1.0000,-0.0007,0.0074,-0.0023,-0.0167,-0.0041,-0.1080,0
12694346,1.0000,-0.0007,0.0074,-0.0023,-0.0073,0.0117,-0.0957,0
12694513,1.0000,-0.0007,0.0074,-0.0023,0.0022,-0.0023,-0.0995,0
12694679,1.0000,-0.0007,0.0074,-0.0023,0.0013,0.0066,-0.1254,0
12694846,1.0000,-0.0006,0.0074,-0.0023,-0.0142,-0.0052,-0.0838,0
12695013,1.0000,-0.0006,0.0074,-0.0023,-0.0121,-0.0010,-0.1198,0
12695179,1.0000,-0.0007,0.0074,-0.0023,0.0002,-0.0004,-0.0980,0
12695346,1.0000,-0.0007,0.0074,-0.0023,0.0138,-0.0108,-0.1040,0
12695513,1.0000,-0.0007,0.0074,-0.0023,0.0102,0.0072,-0.1074,0
12695679,1.0000,-0.0007,0.0074,-0.0023,-0.0145,0.0054,-0.1042,0
12695846,1.0000,-0.0007,0.0074,-0.0023,-0.0013,0.0145,-0.1137,0
12696013,1.0000,-0.0007,0.0074,-0.0023,-0.0022,-0.0013,-0.1104,0
12696179,1.0000,-0.0007,0.0074,-0.0023,0.0066,0.0098,-0.1174,0
12696346,1.0000,-0.0007,0.0074,-0.0023,-0.0008,-0.0119,-0.1079,0
12696513,1.0000,-0.0007,0.0074,-0.0023,-0.0113,0.0008,-0.1200,0
12696679,1.0000,-0.0007,0.0074,-0.0023,0.0010,0.0125,-0.0982,0
12696846,1.0000,-0.0007,0.0074,-0.0023,-0.0025,-0.0003,-0.1075,0
12697013,1.0000,-0.0006,0.0074,-0.0024,0.0073,0.0030,-0.1166,0
12697180,1.0000,-0.0006,0.0074,-0.0023,-0.0014,0.0183,-0.1087,0
12697346,1.0000,-0.0006,0.0074,-0.0023,0.0049,-0.0015,-0.1031,0
12697513,1.0000,-0.0006,0.0074,-0.0024,-0.0034,0.0063,-0.1202,0
12697680,1.0000,-0.0006,0.0074,-0.0023,0.0100,0.0031,-0.1108,0
12697846,1.0000,-0.0006,0.0074,-0.0024,-0.0085,-0.0010,-0.1405,0
12698013,1.0000,-0.0006,0.0074,-0.0024,-0.0048,0.0083,-0.0805,0
12698180,1.0000,-0.0006,0.0074,-0.0024,0.0152,0.0101,-0.0958,0
12698346,1.0000,-0.0006,0.0074,-0.0024,0.0141,0.0001,-0.1015,0
12698513,1.0000,-0.0006,0.0074,-0.0024,0.0058,0.0107,-0.1169,0
12698680,1.0000,-0.0006,0.0074,-0.0024,0.0029,0.0068,-0.0972,0
12698846,1.0000,-0.0006,0.0074,-0.0024,-0.0012,-0.0018,-0.0992,0
12699013,1.0000,-0.0006,0.0074,-0.0024,0.0070,0.0016,-0.1271,0
12699180,1.0000,-0.0006,0.0074,-0.0024,0.0028,0.0093,-0.1049,0
12699346,1.0000,-0.0006,0.0074,-0.0024,-0.0067,-0.0046,-0.1166,0
12699513,1.0000,-0.0006,0.0074,-0.0024,-0.0007,0.0005,-0.1023,0
12699680,1.0000,-0.0006,0.0074,-0.0024,0.0015,0.0088,-0.0804,0
12699846,1.0000,-0.0006,0.0074,-0.0024,-0.0062,0.0074,-0.1339,0
12700013,1.0000,-0.0006,0.0074,-0.0024,-0.0084,-0.0022,-0.1201,0
12700180,1.0000,-0.0006,0.0074,-0.0024,-0.0099,-0.0065,-0.1001,0
12700346,1.0000,-0.0006,0.0074,-0.0024,0.0033,0.0101,-0.1059,0
12700513,1.0000,-0.0006,0.0074,-0.0024,-0.0051,-0.0130,-0.1049,0
12700680,1.0000,-0.0006,0.0074,-0.0024,0.0055,-0.0015,-0.0935,0
12700846,1.0000,-0.0006,0.0074,-0.0025,0.0031,-0.0003,-0.1232,0
12701013,1.0000,-0.0006,0.0074,-0.0025,0.0107,0.0034,-0.0998,0
12701180,1.0000,-0.0006,0.0074,-0.0024,-0.0002,0.0189,-0.1103,0
12701346,1.0000,-0.0006,0.0074,-0.0025,0.0068,-0.0128,-0.1094,0
12701513,1.0000,-0.0006,0.0074,-0.0025,0.0034,0.0069,-0.1239,0
12701680,1.0000,-0.0006,0.0074,-0.0025,-0.0000,0.0037,-0.1103,0
12701846,1.0000,-0.0006,0.0074,-0.0025,0.0056,0.0041,-0.1007,0
12702013,1.0000,-0.0006,0.0074,-0.0025,-0.0037,0.0127,-0.1122,0
12702180,1.0000,-0.0006,0.0074,-0.0025,0.0079,0.0114,-0.1107,0
12702346,1.0000,-0.0006,0.0075,-0.0024,-0.0077,0.0036,-0.1209,0
12702513,1.0000,-0.0006,0.0075,-0.0025,0.0108,0.0057,-0.1052,0
12702680,1.0000,-0.0006,0.0074,-0.0025,0.0086,0.0063,-0.1045,0
12702846,1.0000,-0.0006,0.0075,-0.0024,-0.0094,-0.0138,-0.1046,0
12703013,1.0000,-0.0006,0.0075,-0.0025,0.0044,0.0136,-0.0967,0
12703180,1.0000,-0.0006,0.0075,-0.0024,0.0079,0.0094,-0.1056,0
12703346,1.0000,-0.0006,0.0075,-0.0024,0.0004,0.0049,-0.0963,0
12703513,1.0000,-0.0006,0.0075,-0.0025,-0.0025,-0.0102,-0.1240,0
12703680,1.0000,-0.0006,0.0075,-0.0025,-0.0144,0.0098,-0.1073,0
12703846,1.0000,-0.0006,0.0075,-0.0025,-0.0100,-0.0055,-0.0838,0
12704013,1.0000,-0.0006,0.0075,-0.0025,0.0120,-0.0007,-0.1223,0
12704180,1.0000,-0.0006,0.0075,-0.0025,0.0081,0.0026,-0.1131,0
12704346,1.0000,-0.0006,0.0075,-0.0025,-0.0080,0.0050,-0.1210,0
12704513,1.0000,-0.0006,0.0075,-0.0025,0.0027,-0.0014,-0.1004,0
12704680,1.0000,-0.0006,0.0075,-0.0025,-0.0048,0.0075,-0.0908,0
12704846,1.0000,-0.0006,0.0075,-0.0025,0.0154,-0.0028,-0.0973,0
12705013,1.0000,-0.0006,0.0075,-0.0025,-0.0158,0.0025,-0.1228,0
12705180,1.0000,-0.0007,0.0075,-0.0025,-0.0016,-0.0041,-0.0789,0
12705346,1.0000,-0.0007,0.0075,-0.0025,0.0188,0.0112,-0.1169,0
12705513,1.0000,-0.0007,0.0075,-0.0025,0.0085,0.0061,-0.1006,0
12705680,1.0000,-0.0007,0.0075,-0.0025,-0.0085,-0.0059,-0.1163,0
12705846,1.0000,-0.0006,0.0075,-0.0025,0.0032,0.0025,-0.0933,0
12706013,1.0000,-0.0006,0.0075,-0.0025,0.0077,0.0052,-0.1141,0
12706180,1.0000,-0.0006,0.0075,-0.0025,0.0022,0.0028,-0.0938,0
12706346,1.0000,-0.0006,0.0075,-0.0025,0.0022,-0.0047,-0.1154,0
12706513,1.0000,-0.0006,0.0075,-0.0025,0.0067,-0.0078,-0.0912,0
12706680,1.0000,-0.0006,0.0074,-0.0026,-0.0080,0.0042,-0.0985,0
12706846,1.0000,-0.0006,0.0074,-0.0026,0.0021,-0.0050,-0.1114,0
12707013,1.0000,-0.0006,0.0074,-0.0026,-0.0098,0.0215,-0.1262,0
12707180,1.0000,-0.0006,0.0074,-0.0026,-0.0021,-0.0084,-0.1137,0
12707346,1.0000,-0.0006,0.0074,-0.0026,-0.0061,-0.0015,-0.0927,0
12707513,1.0000,-0.0006,0.0074,-0.0026,0.0022,-0.0012,-0.1053,0
12707680,1.0000,-0.0006,0.0074,-0.0026,0.0046,0.0029,-0.1168,0
12707846,1.0000,-0.0006,0.0074,-0.0026,-0.0047,0.0065,-0.1229,0
12708013,1.0000,-0.0006,0.0074,-0.0026,0.0052,0.0043,-0.1158,0
12708180,1.0000,-0.0006,0.0074,-0.0026,-0.0078,-0.0006,-0.1033,0
12708346,1.0000,-0.0006,0.0074,-0.0026,0.0044,0.0106,-0.1189,0
12708513,1.0000,-0.0006,0.0074,-0.0026,0.0018,-0.0031,-0.0999,0
12708680,1.0000,-0.0006,0.0074,-0.0026,0.0010,0.0074,-0.0919,0
12708846,1.0000,-0.0006,0.0074,-0.0026,-0.0083,0.0011,-0.1061,0
12709013,1.0000,-0.0006,0.0074,-0.0026,-0.0105,-0.0098,-0.0991,0
12709180,1.0000,-0.0006,0.0074,-0.0026,-0.0023,0.0155,-0.0992,0
12709346,1.0000,-0.0005,0.0074,-0.0026,0.0033,0.0069,-0.1044,0
12709513,1.0000,-0.0006,0.0075,-0.0026,-0.0046,-0.0043,-0.1076,0
12709680,1.0000,-0.0005,0.0075,-0.0026,0.0153,-0.0111,-0.1090,0
12709846,1.0000,-0.0005,0.0075,-0.0026,-0.0017,0.0008,-0.1266,0
12710013,1.0000,-0.0005,0.0075,-0.0026,0.0024,0.0002,-0.1077,0
12710180,1.0000,-0.0005,0.0075,-0.0026,-0.0047,0.0064,-0.1028,0
