DeviceTag: Movella DOT3,FirmwareVersion: 3.0.0,AppVersion: 2023.6.0,SyncStatus: Unknown (Synced/Un-synced),OutputRate: 60,FilterProfile: Unknown,Measurement Mode: Sensor fusion Mode - Extended (Euler),StartTime: 2026-04-02 15:07:03.345,© Movella Technologies B.V. 2005-2026
SampleTimeFine,Quat_W,Quat_X,Quat_Y,Quat_Z,FreeAcc_X,FreeAcc_Y,FreeAcc_Z,Status
16134282,0.9079,-0.0009,0.0027,0.4192,-0.0087,-0.0031,-0.0290,0
16134449,0.9079,-0.0005,0.0028,0.4192,-0.0170,-0.0035,0.0034,0
16134616,0.9079,-0.0001,0.0030,0.4193,0.0066,-0.0118,0.0081,0
16134782,0.9079,0.0002,0.0031,0.4193,0.0028,-0.0232,-0.0147,0
16134949,0.9078,0.0005,0.0031,0.4195,0.0116,-0.0253,-0.0103,0
16135116,0.9077,0.0007,0.0032,0.4195,0.0160,-0.0109,-0.0024,0
16135282,0.9077,0.0010,0.0032,0.4195,0.0256,-0.0290,-0.0225,0
16135449,0.9078,0.0013,0.0032,0.4195,0.0193,-0.0402,0.0181,0
16135616,0.9078,0.0015,0.0032,0.4194,0.0150,-0.0287,-0.0035,0
16135782,0.9079,0.0018,0.0032,0.4193,0.0304,-0.0451,0.0238,0
16135949,0.9079,0.0020,0.0032,0.4191,0.0209,-0.0520,0.0210,0
16136116,0.9080,0.0023,0.0032,0.4189,0.0402,-0.0624,-0.0275,0
16136282,0.9080,0.0026,0.0032,0.4189,0.0326,-0.0679,0.0304,0
16136449,0.9081,0.0028,0.0032,0.4187,0.0300,-0.0649,-0.0146,0
16136616,0.9082,0.0031,0.0032,0.4185,0.0227,-0.0716,0.0067,0
16136782,0.9083,0.0034,0.0032,0.4184,0.0478,-0.0849,0.0060,0
16136949,0.9083,0.0036,0.0032,0.4183,0.0490,-0.0767,-0.0128,0
16137116,0.9084,0.0039,0.0032,0.4182,0.0457,-0.0847,-0.0224,0
16137282,0.9084,0.0041,0.0032,0.4181,0.0375,-0.0950,0.0089,0
16137449,0.9084,0.0044,0.0032,0.4180,0.0462,-0.0940,0.0108,0
16137616,0.9084,0.0047,0.0033,0.4180,0.0437,-0.0946,-0.0062,0
16137782,0.9085,0.0049,0.0033,0.4179,0.0369,-0.0962,0.0133,0
16137949,0.9085,0.0052,0.0033,0.4178,0.0454,-0.1160,0.0266,0
16138116,0.9086,0.0055,0.0033,0.4177,0.0552,-0.1167,0.0015,0
16138282,0.9086,0.0058,0.0033,0.4176,0.0625,-0.1144,-0.0029,0
16138449,0.9086,0.0061,0.0033,0.4175,0.0672,-0.1264,-0.0153,0
16138616,0.9087,0.0063,0.0033,0.4173,0.0555,-0.1125,0.0051,0
16138782,0.9088,0.0066,0.0033,0.4172,0.0673,-0.1255,0.0037,0
16138949,0.9088,0.0069,0.0034,0.4172,0.0716,-0.1453,0.0063,0
16139116,0.9088,0.0072,0.0034,0.4171,0.0935,-0.1405,0.0145,0
16139282,0.9089,0.0074,0.0034,0.4170,0.0934,-0.1343,-0.0001,0
16139449,0.9089,0.0077,0.0034,0.4169,0.0889,-0.1610,-0.0063,0
16139616,0.9090,0.0080,0.0034,0.4168,0.0838,-0.1529,0.0179,0
16139782,0.9090,0.0083,0.0034,0.4166,0.0740,-0.1584,0.0088,0
16139949,0.9091,0.0086,0.0034,0.4165,0.0983,-0.1588,0.0159,0
16140116,0.9091,0.0088,0.0034,0.4164,0.0805,-0.1436,-0.0086,0
16140282,0.9092,0.0091,0.0034,0.4163,0.0866,-0.1780,0.0182,0
16140449,0.9092,0.0094,0.0034,0.4162,0.0973,-0.1830,-0.0200,0
16140616,0.9093,0.0097,0.0034,0.4161,0.0921,-0.1826,-0.0037,0
16140782,0.9093,0.0099,0.0034,0.4159,0.0924,-0.1878,-0.0015,0
16140949,0.9094,0.0102,0.0034,0.4158,0.0986,-0.1930,0.0100,0
16141116,0.9094,0.0105,0.0035,0.4157,0.1010,-0.1962,0.0033,0
16141282,0.9095,0.0108,0.0035,0.4156,0.1177,-0.2104,0.0161,0
16141449,0.9095,0.0111,0.0035,0.4155,0.1134,-0.2147,0.0036,0
16141616,0.9096,0.0113,0.0035,0.4154,0.1100,-0.2142,0.0121,0
16141782,0.9096,0.0116,0.0035,0.4153,0.1123,-0.2252,0.0005,0
16141949,0.9096,0.0119,0.0035,0.4152,0.1047,-0.2276,-0.0101,0
16142116,0.9097,0.0121,0.0035,0.4151,0.1221,-0.2317,0.0073,0
16142282,0.9097,0.0124,0.0035,0.4150,0.1170,-0.2348,0.0075,0
16142449,0.9098,0.0127,0.0035,0.4148,0.1217,-0.2381,0.0291,0
16142616,0.9099,0.0130,0.0035,0.4147,0.1138,-0.2475,0.0050,0
16142782,0.9099,0.0132,0.0035,0.4146,0.1250,-0.2580,0.0034,0
16142949,0.9100,0.0135,0.0035,0.4144,0.1288,-0.2528,0.0108,0
16143116,0.9100,0.0138,0.0035,0.4143,0.1218,-0.2561,0.0121,0
16143282,0.9101,0.0140,0.0035,0.4142,0.1329,-0.2593,0.0055,0
16143449,0.9101,0.0143,0.0035,0.4141,0.1280,-0.2543,0.0047,0
16143616,0.9102,0.0146,0.0035,0.4140,0.1466,-0.2654,-0.0004,0
16143783,0.9102,0.0148,0.0035,0.4139,0.1351,-0.2719,0.0122,0
16143949,0.9102,0.0151,0.0035,0.4138,0.1163,-0.2804,-0.0018,0
16144116,0.9103,0.0154,0.0035,0.4137,0.1485,-0.2884,-0.0054,0
16144283,0.9103,0.0156,0.0036,0.4135,0.1481,-0.2960,-0.0094,0
16144449,0.9104,0.0159,0.0036,0.4134,0.1521,-0.3027,0.0254,0
16144616,0.9105,0.0162,0.0036,0.4133,0.1447,-0.3036,-0.0127,0
16144783,0.9105,0.0164,0.0036,0.4132,0.1560,-0.3015,0.0110,0
16144949,0.9105,0.0167,0.0036,0.4131,0.1585,-0.3073,-0.0147,0
16145116,0.9106,0.0169,0.0036,0.4129,0.1477,-0.3011,0.0085,0
16145283,0.9106,0.0172,0.0036,0.4128,0.1500,-0.3230,-0.0129,0
16145449,0.9107,0.0175,0.0036,0.4127,0.1567,-0.3174,-0.0023,0
16145616,0.9107,0.0177,0.0036,0.4126,0.1625,-0.3281,-0.0029,0
16145783,0.9108,0.0180,0.0036,0.4125,0.1629,-0.3318,0.0033,0
16145949,0.9108,0.0182,0.0036,0.4124,0.1646,-0.3393,-0.0210,0
16146116,0.9109,0.0185,0.0036,0.4123,0.1618,-0.3481,-0.0092,0
16146283,0.9109,0.0187,0.0036,0.4122,0.1675,-0.3539,-0.0016,0
16146449,0.9109,0.0190,0.0037,0.4121,0.1722,-0.3577,0.0136,0
16146616,0.9110,0.0192,0.0037,0.4120,0.1794,-0.3440,-0.0160,0
16146783,0.9110,0.0194,0.0037,0.4119,0.1931,-0.3675,0.0137,0
16146949,0.9111,0.0197,0.0037,0.4117,0.1819,-0.3503,-0.0137,0
16147116,0.9111,0.0199,0.0037,0.4116,0.1891,-0.3649,-0.0017,0
16147283,0.9112,0.0201,0.0037,0.4115,0.1852,-0.3774,-0.0053,0
16147449,0.9112,0.0204,0.0037,0.4114,0.1676,-0.3699,0.0003,0
16147616,0.9113,0.0206,0.0037,0.4113,0.1856,-0.3813,-0.0158,0
16147783,0.9113,0.0208,0.0037,0.4112,0.1926,-0.3849,0.0003,0
16147949,0.9114,0.0211,0.0037,0.4111,0.1837,-0.3872,0.0067,0
16148116,0.9114,0.0213,0.0037,0.4109,0.1967,-0.4037,-0.0005,0
16148283,0.9115,0.0215,0.0037,0.4108,0.1977,-0.3916,0.0082,0
16148449,0.9115,0.0217,0.0037,0.4106,0.1952,-0.3964,-0.0208,0
16148616,0.9116,0.0219,0.0037,0.4105,0.1987,-0.4176,-0.0038,0
16148783,0.9116,0.0221,0.0037,0.4104,0.1921,-0.4013,-0.0360,0
16148949,0.9117,0.0224,0.0037,0.4103,0.1964,-0.4147,0.0075,0
16149116,0.9117,0.0226,0.0037,0.4102,0.2200,-0.4156,-0.0133,0
16149283,0.9118,0.0228,0.0038,0.4101,0.2074,-0.4140,0.0070,0
16149449,0.9118,0.0230,0.0038,0.4100,0.2053,-0.4291,-0.0171,0
16149616,0.9119,0.0232,0.0038,0.4098,0.2132,-0.4283,-0.0098,0
16149783,0.9119,0.0234,0.0038,0.4097,0.2062,-0.4273,-0.0068,0
16149949,0.9119,0.0236,0.0038,0.4096,0.2131,-0.4303,-0.0107,0
16150116,0.9120,0.0238,0.0038,0.4095,0.2096,-0.4412,0.0126,0
16150283,0.9120,0.0240,0.0038,0.4094,0.2249,-0.4393,-0.0175,0
16150449,0.9121,0.0241,0.0038,0.4093,0.2260,-0.4338,-0.0253,0
16150616,0.9121,0.0243,0.0038,0.4091,0.2287,-0.4454,-0.0160,0
16150783,0.9122,0.0245,0.0038,0.4090,0.2201,-0.4635,-0.0044,0
16150949,0.9122,0.0247,0.0038,0.4089,0.2169,-0.4423,-0.0024,0
16151116,0.9123,0.0249,0.0038,0.4088,0.2264,-0.4541,-0.0244,0
16151283,0.9123,0.0250,0.0038,0.4087,0.2193,-0.4588,0.0249,0
16151449,0.9124,0.0252,0.0038,0.4086,0.2148,-0.4754,-0.0036,0
16151616,0.9124,0.0254,0.0038,0.4084,0.2167,-0.4813,0.0002,0
16151783,0.9125,0.0255,0.0038,0.4083,0.2204,-0.4743,-0.0241,0
16151949,0.9125,0.0257,0.0038,0.4082,0.2328,-0.4784,-0.0147,0
16152116,0.9126,0.0259,0.0038,0.4081,0.2290,-0.4773,-0.0116,0
16152283,0.9126,0.0260,0.0038,0.4080,0.2174,-0.4681,-0.0235,0
16152449,0.9127,0.0262,0.0038,0.4079,0.2260,-0.4817,-0.0185,0
16152616,0.9127,0.0263,0.0038,0.4077,0.2342,-0.4839,0.0074,0
16152783,0.9128,0.0265,0.0038,0.4076,0.2168,-0.4812,-0.0110,0
16152949,0.9128,0.0266,0.0038,0.4075,0.2435,-0.4930,0.0010,0
16153116,0.9129,0.0268,0.0038,0.4074,0.2465,-0.4794,-0.0081,0
16153283,0.9129,0.0269,0.0038,0.4072,0.2522,-0.4931,-0.0080,0
16153449,0.9130,0.0271,0.0038,0.4071,0.2415,-0.4866,0.0141,0
16153616,0.9130,0.0272,0.0038,0.4070,0.2410,-0.5099,-0.0121,0
16153783,0.9131,0.0273,0.0038,0.4069,0.2524,-0.5004,0.0004,0
16153949,0.9131,0.0275,0.0038,0.4068,0.2317,-0.5088,-0.0121,0
16154116,0.9139,-0.0013,0.0026,0.4058,-0.0089,-0.0024,0.0341,0
16154283,0.9139,-0.0013,0.0026,0.4059,-0.0047,-0.0147,-0.0000,0
16154449,0.9139,-0.0013,0.0026,0.4060,-0.0080,0.0073,0.0021,0
16154616,0.9138,-0.0013,0.0026,0.4061,-0.0075,-0.0042,0.0123,0
16154783,0.9138,-0.0013,0.0026,0.4062,0.0009,-0.0027,0.0243,0
16154949,0.9137,-0.0013,0.0027,0.4063,0.0029,-0.0024,-0.0020,0
16155116,0.9137,-0.0013,0.0027,0.4063,-0.0108,0.0045,0.0332,0
16155283,0.9137,-0.0013,0.0027,0.4064,-0.0124,-0.0088,0.0056,0
16155449,0.9136,-0.0013,0.0027,0.4065,-0.0024,-0.0037,0.0080,0
16155616,0.9136,-0.0013,0.0027,0.4066,-0.0015,-0.0031,0.0131,0
16155783,0.9136,-0.0013,0.0027,0.4067,-0.0058,-0.0024,0.0086,0
16155949,0.9135,-0.0013,0.0027,0.4068,0.0015,-0.0061,0.0030,0
16156116,0.9135,-0.0013,0.0027,0.4068,0.0023,-0.0081,0.0131,0
16156283,0.9135,-0.0013,0.0027,0.4069,-0.0070,-0.0098,0.0097,0
16156449,0.9134,-0.0013,0.0027,0.4070,-0.0155,-0.0055,0.0370,0
16156616,0.9134,-0.0013,0.0027,0.4071,-0.0047,-0.0090,0.0014,0
16156783,0.9134,-0.0013,0.0027,0.4071,0.0020,0.0023,0.0002,0
16156949,0.9133,-0.0013,0.0027,0.4072,-0.0049,-0.0123,0.0082,0
16157116,0.9133,-0.0013,0.0027,0.4073,-0.0109,-0.0025,0.0039,0
16157283,0.9133,-0.0013,0.0027,0.4074,-0.0135,-0.0005,-0.0119,0
16157449,0.9132,-0.0013,0.0027,0.4074,-0.0103,-0.0044,0.0274,0
16157616,0.9132,-0.0013,0.0027,0.4075,-0.0180,-0.0016,-0.0144,0
16157783,0.9132,-0.0013,0.0027,0.4076,-0.0015,-0.0067,0.0150,0
16157949,0.9131,-0.0013,0.0027,0.4077,-0.0054,-0.0013,0.0174,0
16158116,0.9131,-0.0013,0.0027,0.4078,-0.0060,-0.0025,0.0267,0
16158283,0.9131,-0.0013,0.0027,0.4078,-0.0136,0.0086,0.0019,0
16158449,0.9130,-0.0013,0.0027,0.4079,-0.0096,-0.0052,-0.0008,0
16158616,0.9130,-0.0013,0.0027,0.4080,-0.0016,0.0009,0.0022,0
16158783,0.9130,-0.0013,0.0027,0.4080,-0.0017,-0.0071,0.0213,0
16158949,0.9129,-0.0013,0.0027,0.4081,-0.0123,-0.0085,0.0038,0
16159116,0.9129,-0.0013,0.0027,0.4081,0.0005,-0.0125,-0.0006,0
16159283,0.9129,-0.0013,0.0027,0.4082,-0.0040,-0.0067,0.0009,0
16159449,0.9129,-0.0013,0.0027,0.4083,-0.0013,0.0155,0.0182,0
16159616,0.9128,-0.0013,0.0027,0.4083,-0.0034,0.0066,0.0171,0
16159783,0.9128,-0.0013,0.0027,0.4084,-0.0201,0.0010,-0.0001,0
16159949,0.9128,-0.0013,0.0027,0.4085,-0.0121,-0.0124,0.0037,0
16160116,0.9127,-0.0013,0.0027,0.4085,-0.0022,-0.0036,0.0114,0
16160283,0.9127,-0.0013,0.0027,0.4086,-0.0053,-0.0157,0.0082,0
16160450,0.9127,-0.0013,0.0027,0.4087,-0.0235,0.0051,0.0099,0
16160616,0.9127,-0.0013,0.0027,0.4087,-0.0141,-0.0085,-0.0091,0
16160783,0.9126,-0.0013,0.0027,0.4088,-0.0198,0.0077,0.0153,0
16160950,0.9126,-0.0013,0.0027,0.4088,-0.0004,-0.0047,0.0218,0
16161116,0.9126,-0.0013,0.0027,0.4089,-0.0051,-0.0034,0.0036,0
16161283,0.9126,-0.0013,0.0027,0.4090,0.0001,0.0100,0.0109,0
16161450,0.9125,-0.0013,0.0027,0.4090,-0.0055,-0.0040,-0.0070,0
16161616,0.9125,-0.0013,0.0027,0.4091,-0.0111,-0.0011,-0.0015,0
16161783,0.9125,-0.0013,0.0027,0.4091,-0.0135,-0.0022,-0.0045,0
16161950,0.9124,-0.0013,0.0027,0.4092,-0.0128,0.0002,-0.0076,0
16162116,0.9124,-0.0013,0.0028,0.4093,-0.0007,-0.0086,0.0149,0
16162283,0.9124,-0.0013,0.0028,0.4093,-0.0023,0.0015,-0.0016,0
16162450,0.9124,-0.0013,0.0028,0.4094,-0.0051,-0.0106,0.0184,0
16162616,0.9123,-0.0013,0.0028,0.4095,0.0062,-0.0048,0.0162,0
16162783,0.9123,-0.0013,0.0028,0.4095,-0.0123,-0.0055,0.0219,0
16162950,0.9123,-0.0013,0.0028,0.4096,-0.0037,0.0001,0.0092,0
16163116,0.9123,-0.0013,0.0028,0.4096,-0.0065,0.0002,-0.0075,0
16163283,0.9122,-0.0013,0.0028,0.4097,0.0015,0.0121,0.0033,0
16163450,0.9122,-0.0013,0.0028,0.4097,0.0063,-0.0088,0.0108,0
16163616,0.9122,-0.0013,0.0028,0.4097,-0.0118,-0.0026,0.0021,0
16163783,0.9122,-0.0013,0.0028,0.4098,-0.0029,-0.0124,0.0182,0
16163950,0.9121,-0.0013,0.0028,0.4099,-0.0095,-0.0004,-0.0100,0
16164116,0.9121,-0.0013,0.0028,0.4099,-0.0050,0.0011,0.0013,0
16164283,0.9121,-0.0013,0.0028,0.4100,-0.0100,0.0115,0.0288,0
16164450,0.9121,-0.0013,0.0028,0.4100,-0.0029,-0.0100,-0.0075,0
16164616,0.9121,-0.0013,0.0028,0.4100,0.0108,-0.0057,-0.0088,0
16164783,0.9120,-0.0014,0.0028,0.4101,-0.0069,0.0023,0.0205,0
16164950,0.9120,-0.0014,0.0028,0.4101,0.0048,-0.0227,-0.0049,0
16165116,0.9120,-0.0014,0.0028,0.4102,0.0007,0.0005,0.0088,0
16165283,0.9120,-0.0014,0.0028,0.4103,-0.0147,0.0105,-0.0069,0
16165450,0.9119,-0.0014,0.0028,0.4103,-0.0176,-0.0079,0.0039,0
16165616,0.9119,-0.0014,0.0028,0.4104,-0.0062,-0.0102,0.0038,0
16165783,0.9119,-0.0014,0.0028,0.4104,-0.0085,-0.0048,0.0157,0
16165950,0.9119,-0.0014,0.0028,0.4105,0.0087,-0.0081,0.0046,0
16166116,0.9119,-0.0014,0.0028,0.4105,0.0022,-0.0037,-0.0080,0
16166283,0.9118,-0.0014,0.0028,0.4105,0.0022,-0.0062,0.0027,0
16166450,0.9118,-0.0014,0.0028,0.4106,-0.0038,-0.0026,0.0217,0
16166616,0.9118,-0.0014,0.0028,0.4106,-0.0160,0.0020,0.0153,0
16166783,0.9118,-0.0014,0.0028,0.4107,-0.0141,0.0156,0.0271,0
16166950,0.9118,-0.0014,0.0028,0.4107,-0.0033,-0.0045,-0.0058,0
16167116,0.9117,-0.0014,0.0028,0.4108,0.0035,0.0140,0.0066,0
16167283,0.9117,-0.0014,0.0028,0.4108,-0.0076,-0.0077,0.0197,0
16167450,0.9117,-0.0014,0.0029,0.4108,0.0038,0.0013,0.0159,0
16167616,0.9117,-0.0014,0.0029,0.4109,-0.0081,-0.0031,-0.0122,0
16167783,0.9117,-0.0014,0.0029,0.4109,-0.0115,0.0012,0.0201,0
16167950,0.9117,-0.0014,0.0028,0.4109,0.0070,0.0044,0.0020,0
16168116,0.9117,-0.0014,0.0029,0.4109,-0.0085,0.0083,0.0109,0
16168283,0.9116,-0.0014,0.0029,0.4110,-0.0113,0.0085,0.0141,0
16168450,0.9116,-0.0014,0.0029,0.4110,-0.0019,-0.0151,0.0242,0
16168616,0.9116,-0.0014,0.0029,0.4111,0.0035,-0.0026,0.0122,0
16168783,0.9116,-0.0014,0.0029,0.4111,-0.0055,-0.0025,0.0172,0
16168950,0.9116,-0.0014,0.0029,0.4112,0.0026,0.0049,-0.0167,0
16169116,0.9115,-0.0014,0.0029,0.4112,0.0012,-0.0037,0.0129,0
16169283,0.9115,-0.0014,0.0029,0.4112,-0.0202,0.0010,0.0083,0
16169450,0.9115,-0.0014,0.0029,0.4113,-0.0217,0.0025,0.0097,0
16169616,0.9115,-0.0014,0.0029,0.4113,-0.0066,-0.0009,-0.0126,0
16169783,0.9115,-0.0014,0.0029,0.4114,-0.0066,0.0045,0.0281,0
16169950,0.9114,-0.0014,0.0029,0.4114,-0.0048,-0.0059,0.0205,0
16170116,0.9114,-0.0014,0.0029,0.4114,0.0006,0.0104,0.0037,0
16170283,0.9114,-0.0014,0.0029,0.4115,-0.0118,-0.0106,0.0225,0
16170450,0.9114,-0.0014,0.0029,0.4115,-0.0047,-0.0066,0.0180,0
16170616,0.9114,-0.0014,0.0029,0.4115,-0.0017,0.0097,0.0139,0
16170783,0.9114,-0.0014,0.0029,0.4116,0.0085,0.0017,0.0328,0
16170950,0.9114,-0.0014,0.0029,0.4116,0.0008,0.0014,0.0128,0
16171116,0.9113,-0.0014,0.0029,0.4116,-0.0171,0.0140,-0.0019,0
16171283,0.9113,-0.0014,0.0029,0.4117,-0.0059,-0.0085,-0.0004,0
16171450,0.9113,-0.0014,0.0029,0.4117,0.0097,-0.0087,0.0123,0
16171616,0.9113,-0.0014,0.0029,0.4117,-0.0069,-0.0029,0.0096,0
16171783,0.9113,-0.0014,0.0029,0.4118,-0.0075,0.0062,-0.0034,0
16171950,0.9113,-0.0014,0.0029,0.4118,0.0090,-0.0051,0.0096,0
16172116,0.9113,-0.0014,0.0029,0.4118,-0.0087,0.0027,0.0168,0
16172283,0.9112,-0.0014,0.0029,0.4119,-0.0071,-0.0081,0.0148,0
16172450,0.9112,-0.0014,0.0029,0.4119,-0.0077,0.0042,0.0085,0
16172616,0.9112,-0.0014,0.0029,0.4119,0.0013,0.0056,0.0378,0
16172783,0.9112,-0.0014,0.0029,0.4120,-0.0116,-0.0163,-0.0030,0
16172950,0.9112,-0.0014,0.0029,0.4120,-0.0011,0.0092,0.0050,0
16173116,0.9112,-0.0014,0.0029,0.4120,-0.0119,-0.0023,0.0034,0
16173283,0.9112,-0.0014,0.0029,0.4120,0.0132,-0.0007,0.0036,0
16173450,0.9111,-0.0014,0.0029,0.4121,-0.0030,-0.0071,0.0153,0
16173616,0.9111,-0.0014,0.0029,0.4121,0.0053,-0.0020,0.0207,0
16173783,0.9111,-0.0014,0.0029,0.4121,-0.0012,-0.0041,-0.0171,0
16173950,0.9111,-0.0014,0.0029,0.4122,0.0024,-0.0018,0.0004,0
16174116,0.9111,-0.0014,0.0028,0.4122,-0.0108,-0.0073,0.0014,0
16174283,0.9111,-0.0014,0.0028,0.4122,-0.0057,0.0041,0.0114,0
16174450,0.9111,-0.0014,0.0028,0.4123,-0.0287,-0.0033,0.0185,0
16174616,0.9111,-0.0014,0.0028,0.4123,-0.0188,-0.0020,-0.0009,0
16174783,0.9110,-0.0014,0.0028,0.4123,-0.0054,-0.0048,0.0061,0
16174950,0.9110,-0.0014,0.0028,0.4123,-0.0217,-0.0054,0.0040,0
16175116,0.9110,-0.0014,0.0028,0.4124,-0.0065,-0.0041,0.0202,0
16175283,0.9110,-0.0014,0.0028,0.4124,-0.0059,0.0078,0.0150,0
16175450,0.9110,-0.0014,0.0028,0.4124,-0.0069,-0.0008,0.0041,0
16175616,0.9110,-0.0014,0.0028,0.4125,0.0004,-0.0022,-0.0035,0
16175783,0.9110,-0.0014,0.0028,0.4125,-0.0150,0.0017,0.0109,0
16175950,0.9109,-0.0014,0.0028,0.4125,-0.0087,-0.0072,0.0194,0
16176116,0.9109,-0.0014,0.0028,0.4126,-0.0129,-0.0031,0.0203,0
16176283,0.9109,-0.0014,0.0028,0.4126,-0.0072,0.0022,0.0134,0
16176450,0.9109,-0.0014,0.0028,0.4126,-0.0157,0.0030,0.0364,0
16176616,0.9109,-0.0014,0.0028,0.4126,-0.0027,0.0009,-0.0061,0
16176783,0.9109,-0.0014,0.0028,0.4127,-0.0053,0.0053,0.0177,0
16176950,0.9109,-0.0014,0.0028,0.4127,-0.0090,0.0020,0.0071,0
16177117,0.9108,-0.0014,0.0028,0.4127,-0.0062,-0.0067,0.0112,0
16177283,0.9108,-0.0014,0.0028,0.4128,0.0069,-0.0135,0.0154,0
16177450,0.9108,-0.0014,0.0028,0.4128,0.0032,0.0014,-0.0056,0
16177617,0.9108,-0.0014,0.0028,0.4128,0.0024,-0.0051,0.0075,0
16177783,0.9108,-0.0014,0.0028,0.4128,-0.0014,0.0015,-0.0063,0
16177950,0.9108,-0.0014,0.0028,0.4129,-0.0125,-0.0008,0.0076,0
16178117,0.9108,-0.0014,0.0028,0.4129,-0.0055,-0.0018,0.0151,0
16178283,0.9108,-0.0014,0.0028,0.4129,-0.0021,-0.0109,0.0209,0
16178450,0.9108,-0.0014,0.0028,0.4129,0.0010,-0.0006,0.0116,0
16178617,0.9107,-0.0014,0.0028,0.4129,-0.0073,0.0102,0.0207,0
16178783,0.9107,-0.0014,0.0028,0.4130,-0.0022,0.0024,0.0150,0
16178950,0.9107,-0.0014,0.0028,0.4130,0.0035,-0.0041,0.0064,0
16179117,0.9107,-0.0014,0.0028,0.4130,0.0023,0.0040,-0.0073,0
16179283,0.9107,-0.0014,0.0028,0.4131,-0.0004,0.0113,0.0266,0
16179450,0.9107,-0.0014,0.0028,0.4131,-0.0117,0.0055,0.0207,0
16179617,0.9107,-0.0014,0.0028,0.4131,0.0116,-0.0064,0.0213,0
16179783,0.9107,-0.0014,0.0028,0.4131,-0.0229,0.0024,0.0044,0
16179950,0.9106,-0.0014,0.0028,0.4132,0.0087,-0.0135,0.0142,0
16180117,0.9106,-0.0014,0.0028,0.4132,0.0005,-0.0040,0.0055,0
16180283,0.9106,-0.0014,0.0028,0.4132,-0.0032,0.0015,0.0204,0
16180450,0.9106,-0.0014,0.0028,0.4132,-0.0155,0.0108,0.0016,0
16180617,0.9106,-0.0014,0.0028,0.4133,-0.0036,0.0143,0.0113,0
16180783,0.9106,-0.0014,0.0028,0.4133,0.0062,0.0020,-0.0028,0
16180950,0.9106,-0.0014,0.0028,0.4133,0.0069,0.0047,0.0074,0
16181117,0.9106,-0.0014,0.0028,0.4133,-0.0058,0.0068,0.0343,0
16181283,0.9106,-0.0014,0.0028,0.4134,-0.0047,0.0058,0.0048,0
16181450,0.9106,-0.0014,0.0028,0.4134,-0.0105,0.0010,-0.0118,0
16181617,0.9105,-0.0014,0.0029,0.4134,-0.0112,0.0023,-0.0090,0
16181783,0.9105,-0.0014,0.0029,0.4134,-0.0138,0.0117,0.0122,0
16181950,0.9105,-0.0014,0.0029,0.4134,-0.0068,-0.0010,0.0039,0
16182117,0.9105,-0.0014,0.0029,0.4134,0.0095,-0.0094,0.0036,0
16182283,0.9105,-0.0014,0.0029,0.4134,0.0034,0.0003,-0.0062,0
16182450,0.9105,-0.0014,0.0029,0.4135,-0.0036,-0.0086,0.0146,0
16182617,0.9105,-0.0014,0.0029,0.4135,-0.0045,-0.0015,0.0050,0
16182783,0.9105,-0.0014,0.0029,0.4135,0.0057,-0.0005,0.0007,0
16182950,0.9105,-0.0014,0.0029,0.4135,-0.0057,-0.0058,0.0177,0
16183117,0.9105,-0.0014,0.0029,0.4135,-0.0005,-0.0053,0.0052,0
16183283,0.9105,-0.0014,0.0028,0.4136,-0.0057,0.0100,0.0184,0
16183450,0.9105,-0.0014,0.0028,0.4136,0.0023,0.0154,-0.0001,0
16183617,0.9105,-0.0014,0.0028,0.4136,-0.0017,0.0058,0.0457,0
16183783,0.9104,-0.0014,0.0028,0.4136,0.0067,-0.0027,0.0138,0
16183950,0.9104,-0.0014,0.0028,0.4136,-0.0029,0.0016,0.0061,0
16184117,0.9104,-0.0014,0.0028,0.4137,-0.0034,0.0028,0.0153,0
16184283,0.9104,-0.0014,0.0028,0.4137,0.0028,-0.0053,0.0303,0
16184450,0.9104,-0.0014,0.0028,0.4137,0.0047,0.0157,0.0002,0
16184617,0.9104,-0.0014,0.0029,0.4137,-0.0035,0.0196,0.0091,0
16184783,0.9104,-0.0014,0.0029,0.4137,0.0016,0.0088,-0.0031,0
16184950,0.9104,-0.0014,0.0028,0.4138,-0.0122,0.0044,0.0067,0
16185117,0.9104,-0.0014,0.0028,0.4138,-0.0113,0.0062,0.0044,0
16185283,0.9104,-0.0014,0.0029,0.4138,-0.0184,0.0082,0.0136,0
16185450,0.9103,-0.0014,0.0029,0.4138,-0.0070,-0.0006,-0.0045,0
16185617,0.9103,-0.0013,0.0029,0.4139,-0.0109,-0.0034,0.0332,0
16185783,0.9103,-0.0013,0.0029,0.4139,-0.0109,-0.0131,0.0183,0
16185950,0.9103,-0.0014,0.0029,0.4139,0.0012,0.0059,0.0012,0
16186117,0.9103,-0.0014,0.0029,0.4139,-0.0072,0.0080,0.0089,0
16186283,0.9103,-0.0014,0.0029,0.4139,0.0068,-0.0042,0.0041,0
16186450,0.9103,-0.0014,0.0029,0.4139,-0.0122,0.0146,0.0011,0
16186617,0.9103,-0.0014,0.0029,0.4140,0.0154,-0.0029,0.0073,0
16186783,0.9103,-0.0014,0.0029,0.4140,-0.0064,0.0031,0.0039,0
16186950,0.9103,-0.0014,0.0029,0.4140,-0.0039,0.0048,-0.0032,0
16187117,0.9103,-0.0014,0.0029,0.4140,0.0093,0.0027,0.0081,0
16187283,0.9102,-0.0014,0.0029,0.4141,0.0084,0.0059,-0.0165,0
16187450,0.9102,-0.0014,0.0029,0.4141,-0.0142,0.0090,0.0092,0
16187617,0.9102,-0.0014,0.0029,0.4141,0.0014,-0.0021,0.0320,0
16187783,0.9102,-0.0014,0.0029,0.4141,-0.0058,0.0043,0.0018,0
16187950,0.9102,-0.0014,0.0029,0.4141,0.0080,-0.0017,0.0200,0
16188117,0.9102,-0.0014,0.0029,0.4141,0.0046,-0.0027,0.0154,0
16188283,1.0000,-0.0001,0.0032,0.0000,-0.0057,0.0081,-0.0031,0
16188450,1.0000,-0.0001,0.0032,0.0000,-0.0045,0.0055,-0.0069,0
16188617,1.0000,-0.0001,0.0032,0.0000,0.0084,-0.0082,0.0151,0
16188783,1.0000,-0.0001,0.0032,0.0000,0.0038,0.0056,0.0238,0
16188950,1.0000,-0.0001,0.0032,0.0000,-0.0070,-0.0095,-0.0090,0
16189117,1.0000,-0.0001,0.0032,0.0001,0.0065,-0.0011,-0.0022,0
16189283,1.0000,-0.0001,0.0032,0.0001,0.0020,-0.0023,0.0096,0
16189450,1.0000,-0.0000,0.0032,0.0001,-0.0021,0.0147,0.0136,0
16189617,1.0000,-0.0000,0.0032,0.0001,-0.0081,0.0015,0.0149,0
16189783,1.0000,-0.0000,0.0032,0.0001,-0.0140,0.0029,0.0136,0
16189950,1.0000,-0.0000,0.0032,0.0002,-0.0067,0.0139,0.0122,0
16190117,1.0000,-0.0000,0.0032,0.0002,-0.0061,0.0013,0.0169,0
16190283,1.0000,-0.0000,0.0032,0.0002,-0.0002,-0.0032,0.0084,0
16190450,1.0000,-0.0000,0.0032,0.0002,-0.0034,0.0024,0.0208,0
16190617,1.0000,-0.0000,0.0032,0.0003,-0.0080,-0.0035,-0.0026,0
16190783,1.0000,0.0000,0.0032,0.0003,0.0044,-0.0013,0.0016,0
16190950,1.0000,0.0000,0.0032,0.0003,0.0017,0.0004,0.0049,0
16191117,1.0000,0.0000,0.0032,0.0003,-0.0051,0.0122,0.0235,0
16191283,1.0000,0.0000,0.0032,0.0003,0.0068,0.0065,0.0076,0
16191450,1.0000,0.0000,0.0032,0.0003,0.0029,-0.0046,0.0133,0
16191617,1.0000,0.0000,0.0032,0.0004,-0.0029,0.0068,0.0115,0
16191783,1.0000,0.0000,0.0032,0.0004,0.0024,-0.0089,-0.0022,0
16191950,1.0000,0.0000,0.0032,0.0004,-0.0168,-0.0015,0.0119,0
16192117,1.0000,0.0000,0.0032,0.0005,-0.0031,-0.0037,0.0261,0
16192283,1.0000,0.0000,0.0032,0.0005,-0.0088,0.0060,0.0063,0
16192450,1.0000,0.0000,0.0032,0.0005,0.0029,-0.0050,0.0080,0
16192617,1.0000,0.0000,0.0032,0.0005,-0.0181,-0.0062,0.0005,0
16192783,1.0000,0.0000,0.0032,0.0005,-0.0024,-0.0176,0.0011,0
16192950,1.0000,0.0001,0.0032,0.0005,-0.0046,-0.0033,0.0080,0
16193117,1.0000,0.0000,0.0032,0.0005,-0.0176,-0.0056,0.0169,0
16193283,1.0000,0.0000,0.0032,0.0006,0.0023,-0.0061,0.0142,0
16193450,1.0000,0.0001,0.0032,0.0006,-0.0158,0.0024,0.0221,0
16193617,1.0000,0.0000,0.0032,0.0006,0.0144,-0.0057,-0.0067,0
16193784,1.0000,0.0000,0.0032,0.0006,-0.0062,0.0044,0.0001,0
16193950,1.0000,0.0000,0.0032,0.0006,0.0073,-0.0012,0.0009,0
16194117,1.0000,-0.0001,0.0032,0.0007,0.0035,0.0080,0.0340,0
16194284,1.0000,-0.0001,0.0032,0.0007,0.0107,-0.0028,0.0203,0
16194450,1.0000,-0.0001,0.0032,0.0007,-0.0070,0.0003,0.0082,0
16194617,1.0000,-0.0001,0.0032,0.0007,-0.0046,-0.0079,0.0149,0
16194784,1.0000,-0.0001,0.0032,0.0008,-0.0043,-0.0104,-0.0018,0
16194950,1.0000,-0.0001,0.0032,0.0008,-0.0110,0.0138,0.0067,0
16195117,1.0000,-0.0001,0.0032,0.0008,-0.0002,-0.0002,0.0036,0
16195284,1.0000,-0.0001,0.0032,0.0008,-0.0041,0.0055,0.0215,0
16195450,1.0000,-0.0001,0.0032,0.0008,-0.0043,0.0038,0.0032,0
16195617,1.0000,-0.0000,0.0032,0.0008,-0.0039,-0.0028,0.0179,0
16195784,1.0000,-0.0000,0.0032,0.0008,0.0060,-0.0020,0.0028,0
16195950,1.0000,-0.0000,0.0032,0.0009,0.0019,0.0077,0.0090,0
16196117,1.0000,-0.0000,0.0032,0.0009,0.0065,0.0047,0.0078,0
16196284,1.0000,-0.0000,0.0032,0.0009,0.0050,-0.0021,0.0083,0
16196450,1.0000,-0.0000,0.0032,0.0009,-0.0061,0.0032,0.0048,0
16196617,1.0000,-0.0000,0.0032,0.0009,-0.0015,-0.0100,0.0115,0
16196784,1.0000,-0.0000,0.0032,0.0009,-0.0025,0.0071,0.0087,0
16196950,1.0000,-0.0000,0.0032,0.0010,0.0168,-0.0047,0.0405,0
16197117,1.0000,-0.0000,0.0032,0.0010,-0.0072,0.0020,-0.0150,0
16197284,1.0000,-0.0000,0.0032,0.0010,-0.0050,-0.0088,0.0274,0
16197450,1.0000,-0.0000,0.0032,0.0010,-0.0102,0.0053,0.0151,0
16197617,1.0000,-0.0000,0.0032,0.0010,-0.0049,0.0015,-0.0121,0
16197784,1.0000,-0.0000,0.0032,0.0010,-0.0009,0.0028,0.0148,0
16197950,1.0000,-0.0000,0.0032,0.0010,-0.0132,0.0091,0.0153,0
16198117,1.0000,-0.0000,0.0032,0.0010,-0.0157,-0.0034,0.0069,0
16198284,1.0000,-0.0000,0.0032,0.0010,-0.0079,0.0069,-0.0146,0
16198450,1.0000,-0.0000,0.0032,0.0011,0.0136,-0.0062,-0.0100,0
16198617,1.0000,-0.0000,0.0032,0.0011,0.0013,-0.0029,0.0001,0
16198784,1.0000,-0.0000,0.0032,0.0011,-0.0003,0.0062,0.0141,0
16198950,1.0000,-0.0000,0.0033,0.0011,0.0034,0.0094,0.0093,0
16199117,1.0000,-0.0000,0.0032,0.0011,-0.0092,0.0010,0.0115,0
16199284,1.0000,-0.0000,0.0032,0.0011,0.0109,-0.0010,0.0206,0
16199450,1.0000,-0.0000,0.0032,0.0011,-0.0062,0.0036,0.0032,0
16199617,1.0000,-0.0000,0.0032,0.0011,-0.0026,-0.0044,0.0147,0
16199784,1.0000,-0.0000,0.0032,0.0011,0.0042,-0.0138,0.0322,0
16199950,1.0000,-0.0000,0.0032,0.0011,-0.0031,-0.0135,0.0003,0
16200117,1.0000,-0.0000,0.0032,0.0012,0.0040,0.0041,0.0338,0
16200284,1.0000,0.0000,0.0032,0.0012,-0.0010,-0.0051,-0.0015,0
16200450,1.0000,0.0000,0.0032,0.0012,-0.0019,-0.0062,0.0283,0
16200617,1.0000,0.0000,0.0032,0.0012,-0.0234,0.0172,0.0084,0
16200784,1.0000,0.0000,0.0032,0.0012,0.0014,-0.0019,0.0221,0
16200950,1.0000,0.0000,0.0032,0.0012,-0.0022,0.0044,-0.0072,0
16201117,1.0000,0.0000,0.0032,0.0012,-0.0071,0.0138,0.0452,0
16201284,1.0000,0.0000,0.0032,0.0012,0.0057,0.0046,-0.0097,0
16201450,1.0000,0.0000,0.0032,0.0013,-0.0111,-0.0075,0.0063,0
16201617,1.0000,0.0000,0.0032,0.0013,-0.0068,0.0026,0.0128,0
16201784,1.0000,0.0000,0.0032,0.0013,-0.0046,-0.0025,0.0292,0
16201950,1.0000,0.0000,0.0032,0.0013,-0.0049,0.0022,0.0172,0
16202117,1.0000,0.0000,0.0032,0.0013,0.0001,0.0067,0.0107,0
16202284,1.0000,0.0000,0.0032,0.0013,-0.0025,-0.0098,-0.0012,0
16202450,1.0000,0.0000,0.0032,0.0014,-0.0041,-0.0001,0.0141,0
16202617,1.0000,0.0000,0.0032,0.0014,0.0075,-0.0082,0.0060,0
16202784,1.0000,0.0000,0.0032,0.0014,0.0176,-0.0022,0.0019,0
16202950,1.0000,0.0000,0.0032,0.0014,-0.0031,0.0080,-0.0072,0
16203117,1.0000,0.0000,0.0032,0.0014,0.0084,-0.0038,0.0362,0
16203284,1.0000,0.0000,0.0032,0.0014,0.0031,-0.0096,-0.0028,0
16203450,1.0000,0.0000,0.0032,0.0014,-0.0092,0.0099,0.0288,0
16203617,1.0000,0.0000,0.0032,0.0015,0.0047,-0.0012,0.0041,0
16203784,1.0000,0.0000,0.0032,0.0015,0.0072,-0.0003,0.0065,0
16203950,1.0000,0.0000,0.0032,0.0015,0.0040,0.0097,0.0121,0
16204117,1.0000,0.0001,0.0032,0.0015,0.0032,0.0029,-0.0100,0
16204284,1.0000,0.0001,0.0032,0.0015,-0.0094,0.0043,0.0009,0
16204450,1.0000,0.0001,0.0032,0.0016,-0.0032,-0.0022,-0.0089,0
16204617,1.0000,0.0001,0.0032,0.0016,-0.0115,-0.0035,-0.0074,0
16204784,1.0000,0.0001,0.0032,0.0016,-0.0038,0.0040,-0.0078,0
16204950,1.0000,0.0001,0.0032,0.0016,-0.0032,0.0094,0.0138,0
16205117,1.0000,0.0001,0.0032,0.0016,0.0008,-0.0041,-0.0102,0
16205284,1.0000,0.0001,0.0032,0.0016,-0.0024,-0.0026,0.0089,0
16205450,1.0000,0.0001,0.0033,0.0016,-0.0126,0.0057,0.0229,0
16205617,1.0000,0.0000,0.0033,0.0016,-0.0104,-0.0077,0.0298,0
16205784,1.0000,0.0000,0.0033,0.0017,0.0014,-0.0054,0.0098,0
16205950,1.0000,0.0000,0.0033,0.0017,-0.0016,0.0051,0.0316,0
16206117,1.0000,0.0000,0.0032,0.0017,-0.0164,-0.0022,0.0037,0
16206284,1.0000,0.0000,0.0032,0.0017,0.0067,-0.0031,0.0244,0
16206450,1.0000,0.0000,0.0032,0.0017,-0.0058,-0.0018,0.0155,0
16206617,1.0000,0.0000,0.0032,0.0017,0.0044,0.0070,-0.0009,0
16206784,1.0000,0.0000,0.0032,0.0017,0.0107,-0.0059,0.0181,0
16206950,1.0000,0.0000,0.0032,0.0017,-0.0023,-0.0037,0.0077,0
16207117,1.0000,0.0000,0.0033,0.0017,-0.0099,-0.0055,-0.0045,0
16207284,1.0000,0.0000,0.0033,0.0018,0.0018,0.0082,0.0234,0
16207450,1.0000,0.0001,0.0033,0.0018,0.0090,-0.0142,-0.0110,0
16207617,1.0000,0.0001,0.0033,0.0018,0.0027,-0.0017,0.0140,0
16207784,1.0000,0.0001,0.0033,0.0018,-0.0123,0.0053,0.0080,0
16207950,1.0000,0.0001,0.0033,0.0018,-0.0082,0.0057,0.0194,0
16208117,1.0000,0.0001,0.0033,0.0018,-0.0072,0.0065,0.0004,0
16208284,1.0000,0.0000,0.0033,0.0018,0.0112,-0.0015,0.0085,0
16208450,1.0000,0.0000,0.0033,0.0018,0.0001,-0.0014,0.0001,0
16208617,1.0000,0.0000,0.0033,0.0018,-0.0115,-0.0076,0.0155,0
16208784,1.0000,0.0000,0.0033,0.0019,-0.0259,0.0128,0.0132,0
16208950,1.0000,0.0000,0.0033,0.0019,0.0113,0.0116,0.0118,0
16209117,1.0000,0.0000,0.0033,0.0019,0.0004,-0.0098,-0.0130,0
16209284,1.0000,0.0000,0.0033,0.0019,-0.0070,0.0128,0.0095,0
16209450,1.0000,0.0001,0.0033,0.0019,0.0013,-0.0042,-0.0045,0
16209617,1.0000,0.0001,0.0033,0.0019,-0.0017,0.0041,-0.0032,0
16209784,1.0000,0.0001,0.0033,0.0019,-0.0100,-0.0135,0.0140,0
16209950,1.0000,0.0001,0.0033,0.0019,-0.0053,-0.0038,0.0182,0
16210117,1.0000,0.0000,0.0033,0.0019,0.0067,-0.0142,0.0078,0
16210284,1.0000,0.0001,0.0033,0.0020,-0.0015,-0.0081,0.0178,0
16210451,1.0000,0.0001,0.0033,0.0020,-0.0047,-0.0047,0.0203,0
16210617,1.0000,0.0001,0.0033,0.0020,0.0005,-0.0017,-0.0033,0
16210784,1.0000,0.0001,0.0033,0.0020,-0.0053,-0.0069,-0.0098,0
16210951,1.0000,0.0001,0.0033,0.0020,-0.0060,0.0011,0.0089,0
16211117,1.0000,0.0001,0.0033,0.0020,-0.0030,-0.0020,0.0277,0
16211284,1.0000,0.0001,0.0033,0.0020,0.0147,-0.0053,-0.0038,0
16211451,1.0000,0.0001,0.0033,0.0020,0.0038,0.0026,0.0039,0
16211617,1.0000,0.0001,0.0033,0.0020,-0.0073,-0.0129,0.0087,0
16211784,1.0000,0.0001,0.0033,0.0020,-0.0028,0.0032,0.0121,0
16211951,1.0000,0.0001,0.0033,0.0021,0.0019,-0.0117,0.0117,0
16212117,1.0000,0.0001,0.0033,0.0021,-0.0024,-0.0016,0.0199,0
16212284,1.0000,0.0001,0.0033,0.0021,-0.0022,0.0062,-0.0006,0
16212451,1.0000,0.0001,0.0033,0.0021,0.0057,0.0030,0.0281,0
16212617,1.0000,0.0001,0.0033,0.0021,-0.0133,-0.0039,0.0075,0
16212784,1.0000,0.0001,0.0033,0.0021,-0.0060,0.0022,0.0092,0
16212951,1.0000,0.0001,0.0033,0.0021,0.0015,-0.0042,-0.0042,0
16213117,1.0000,0.0001,0.0033,0.0022,0.0092,-0.0011,0.0030,0
16213284,1.0000,0.0001,0.0033,0.0022,-0.0106,-0.0103,0.0150,0
16213451,1.0000,0.0001,0.0032,0.0022,0.0092,-0.0033,0.0202,0
16213617,1.0000,0.0001,0.0032,0.0022,-0.0005,0.0053,0.0254,0
16213784,1.0000,0.0001,0.0032,0.0022,-0.0105,0.0003,0.0217,0
16213951,1.0000,0.0001,0.0033,0.0022,-0.0064,0.0092,0.0157,0
16214117,1.0000,-0.0000,0.0032,0.0022,-0.0167,0.0032,0.0003,0
16214284,1.0000,0.0000,0.0032,0.0022,-0.0093,0.0013,-0.0038,0
16214451,1.0000,0.0000,0.0032,0.0022,-0.0022,-0.0043,0.0021,0
16214617,1.0000,0.0000,0.0032,0.0022,0.0061,-0.0008,0.0101,0
16214784,1.0000,0.0000,0.0032,0.0022,-0.0057,-0.0008,0.0028,0
16214951,1.0000,0.0001,0.0032,0.0022,-0.0034,0.0054,0.0254,0
16215117,1.0000,0.0001,0.0032,0.0022,-0.0009,0.0167,0.0135,0
16215284,1.0000,0.0001,0.0032,0.0022,-0.0010,-0.0045,0.0365,0
16215451,1.0000,0.0001,0.0032,0.0023,0.0059,-0.0124,-0.0090,0
16215617,1.0000,0.0001,0.0032,0.0023,0.0057,-0.0071,0.0050,0
16215784,1.0000,0.0001,0.0032,0.0023,-0.0027,-0.0116,-0.0191,0
16215951,1.0000,0.0001,0.0032,0.0023,0.0060,-0.0047,0.0145,0
16216117,1.0000,0.0001,0.0032,0.0023,0.0032,0.0068,0.0232,0
16216284,1.0000,0.0001,0.0032,0.0023,0.0012,0.0002,0.0047,0
16216451,1.0000,0.0001,0.0032,0.0023,-0.0108,0.0024,0.0039,0
16216617,1.0000,0.0001,0.0033,0.0023,0.0035,-0.0181,0.0080,0
16216784,1.0000,0.0001,0.0033,0.0024,-0.0100,0.0051,0.0003,0
16216951,1.0000,0.0001,0.0033,0.0024,0.0040,-0.0125,0.0226,0
16217117,1.0000,0.0001,0.0033,0.0024,0.0033,0.0044,0.0138,0
16217284,1.0000,0.0001,0.0033,0.0024,-0.0052,-0.0142,0.0035,0
16217451,1.0000,0.0001,0.0033,0.0024,0.0099,-0.0100,0.0092,0
16217617,1.0000,0.0001,0.0033,0.0024,0.0024,0.0050,0.0132,0
16217784,1.0000,0.0001,0.0033,0.0024,0.0038,0.0087,0.0245,0
16217951,1.0000,0.0001,0.0033,0.0024,0.0053,0.0124,0.0399,0
16218117,1.0000,0.0001,0.0033,0.0024,0.0062,-0.0064,-0.0108,0
16218284,1.0000,0.0001,0.0033,0.0025,-0.0083,0.0072,0.0045,0
16218451,1.0000,0.0001,0.0033,0.0025,-0.0025,0.0208,0.0006,0
16218617,1.0000,0.0001,0.0033,0.0025,0.0096,-0.0025,0.0102,0
16218784,1.0000,0.0001,0.0033,0.0025,-0.0023,0.0018,0.0152,0
16218951,1.0000,0.0001,0.0033,0.0025,-0.0064,0.0083,0.0264,0
16219117,1.0000,0.0001,0.0033,0.0025,-0.0090,-0.0101,0.0123,0
16219284,1.0000,0.0001,0.0033,0.0025,-0.0016,-0.0065,0.0239,0
16219451,1.0000,0.0001,0.0033,0.0025,0.0083,0.0039,0.0103,0
16219617,1.0000,0.0001,0.0033,0.0025,-0.0206,0.0000,0.0186,0
16219784,1.0000,0.0001,0.0033,0.0025,0.0060,0.0018,-0.0047,0
16219951,1.0000,0.0001,0.0032,0.0025,0.0070,-0.0052,0.0069,0
16220117,1.0000,0.0001,0.0032,0.0025,-0.0090,0.0097,0.0182,0
16220284,1.0000,0.0001,0.0032,0.0026,0.0028,-0.0017,0.0265,0
16220451,1.0000,0.0001,0.0032,0.0026,0.0089,-0.0068,0.0002,0
16220617,1.0000,0.0002,0.0032,0.0026,-0.0047,-0.0097,0.0392,0
16220784,1.0000,0.0002,0.0032,0.0026,0.0108,-0.0207,0.0090,0
16220951,1.0000,0.0002,0.0033,0.0026,0.0168,0.0129,0.0170,0
16221117,1.0000,0.0002,0.0033,0.0026,-0.0038,-0.0052,0.0044,0
16221284,1.0000,0.0002,0.0033,0.0026,-0.0119,-0.0032,0.0105,0
16221451,1.0000,0.0002,0.0033,0.0026,0.0016,0.0027,0.0287,0
16221617,1.0000,0.0002,0.0033,0.0026,0.0009,0.0041,0.0128,0
16221784,1.0000,0.0002,0.0032,0.0027,0.0054,-0.0004,0.0161,0
16221951,1.0000,0.0002,0.0033,0.0027,0.0098,-0.0100,-0.0026,0
16222117,1.0000,0.0002,0.0032,0.0027,0.0045,0.0105,0.0032,0
16222284,1.0000,0.0002,0.0032,0.0027,-0.0041,0.0035,0.0164,0
16222451,1.0000,0.0002,0.0032,0.0027,0.0015,-0.0020,0.0203,0
16222617,1.0000,0.0002,0.0032,0.0027,-0.0016,-0.0048,0.0259,0
16222784,1.0000,0.0001,0.0032,0.0027,0.0026,-0.0145,0.0208,0
16222951,1.0000,0.0001,0.0032,0.0027,0.0048,-0.0021,0.0068,0
16223117,1.0000,0.0001,0.0032,0.0027,-0.0031,0.0061,0.0196,0
16223284,1.0000,0.0002,0.0032,0.0027,0.0065,0.0040,-0.0010,0
16223451,1.0000,0.0002,0.0032,0.0027,-0.0071,0.0028,0.0131,0
16223617,1.0000,0.0002,0.0032,0.0027,-0.0125,-0.0003,0.0165,0
16223784,1.0000,0.0002,0.0032,0.0028,-0.0101,0.0111,0.0126,0
16223951,1.0000,0.0002,0.0032,0.0028,0.0029,0.0003,0.0142,0
16224117,1.0000,0.0002,0.0032,0.0028,-0.0034,-0.0013,-0.0174,0
16224284,1.0000,0.0002,0.0032,0.0028,0.0025,-0.0064,0.0022,0
16224451,1.0000,0.0002,0.0032,0.0028,-0.0078,0.0072,0.0074,0
16224617,1.0000,0.0002,0.0032,0.0028,-0.0134,0.0073,0.0180,0
16224784,1.0000,0.0002,0.0032,0.0028,0.0034,0.0014,0.0004,0
16224951,1.0000,0.0002,0.0032,0.0028,0.0089,0.0055,0.0094,0
16225117,1.0000,0.0002,0.0032,0.0029,0.0025,0.0125,0.0087,0
16225284,1.0000,0.0002,0.0032,0.0029,0.0049,-0.0083,0.0078,0
16225451,1.0000,0.0002,0.0033,0.0029,0.0026,-0.0058,0.0051,0
16225617,1.0000,0.0002,0.0032,0.0029,0.0019,0.0006,0.0310,0
16225784,1.0000,0.0002,0.0032,0.0029,0.0006,-0.0152,0.0263,0
16225951,1.0000,0.0002,0.0032,0.0029,-0.0048,-0.0191,0.0021,0
16226117,1.0000,0.0002,0.0032,0.0029,-0.0030,-0.0014,0.0095,0
16226284,1.0000,0.0002,0.0032,0.0029,-0.0033,-0.0119,0.0157,0
16226451,1.0000,0.0002,0.0032,0.0029,-0.0006,-0.0058,0.0153,0
16226617,1.0000,0.0002,0.0032,0.0029,-0.0020,-0.0084,-0.0038,0
16226784,1.0000,0.0002,0.0032,0.0029,-0.0031,0.0088,0.0202,0
16226951,1.0000,0.0002,0.0032,0.0029,0.0063,-0.0080,0.0093,0
16227118,1.0000,0.0002,0.0032,0.0029,-0.0115,0.0003,0.0092,0
16227284,1.0000,0.0002,0.0032,0.0030,0.0001,0.0023,-0.0032,0
16227451,1.0000,0.0002,0.0032,0.0030,-0.0117,-0.0003,-0.0120,0
16227618,1.0000,0.0002,0.0032,0.0030,-0.0012,-0.0169,-0.0019,0
16227784,1.0000,0.0002,0.0032,0.0030,-0.0168,-0.0058,-0.0014,0
16227951,1.0000,0.0002,0.0032,0.0030,0.0096,0.0131,0.0179,0
16228118,1.0000,0.0002,0.0032,0.0030,-0.0045,-0.0080,0.0073,0
16228284,1.0000,0.0002,0.0032,0.0030,-0.0058,-0.0100,0.0122,0
16228451,1.0000,0.0002,0.0032,0.0030,0.0011,-0.0149,-0.0090,0
16228618,1.0000,0.0002,0.0032,0.0030,0.0086,-0.0067,0.0150,0
16228784,1.0000,0.0002,0.0032,0.0030,-0.0169,-0.0034,0.0120,0
16228951,1.0000,0.0002,0.0032,0.0030,0.0060,-0.0112,0.0189,0
16229118,1.0000,0.0002,0.0032,0.0030,-0.0036,-0.0012,0.0019,0
16229284,1.0000,0.0002,0.0032,0.0030,-0.0012,0.0001,0.0059,0
16229451,1.0000,0.0002,0.0032,0.0030,-0.0051,-0.0209,0.0147,0
16229618,1.0000,0.0002,0.0032,0.0030,-0.0015,-0.0083,0.0130,0
16229784,1.0000,0.0002,0.0032,0.0031,-0.0039,0.0075,0.0073,0
16229951,1.0000,0.0002,0.0032,0.0031,-0.0019,-0.0052,0.0187,0
16230118,1.0000,0.0002,0.0032,0.0031,-0.0174,0.0008,0.0074,0
16230284,1.0000,0.0002,0.0032,0.0031,0.0024,-0.0224,0.0237,0
16230451,1.0000,0.0002,0.0032,0.0031,-0.0073,-0.0007,0.0118,0
16230618,1.0000,0.0002,0.0032,0.0031,0.0021,-0.0012,-0.0197,0
16230784,1.0000,0.0002,0.0032,0.0031,0.0029,-0.0072,-0.0024,0
16230951,1.0000,0.0002,0.0032,0.0031,0.0017,0.0005,0.0015,0
16231118,1.0000,0.0002,0.0032,0.0031,0.0081,-0.0179,-0.0163,0
16231284,1.0000,0.0002,0.0032,0.0031,0.0066,-0.0101,0.0067,0
16231451,1.0000,0.0002,0.0032,0.0031,0.0029,0.0002,0.0048,0
16231618,1.0000,0.0002,0.0032,0.0031,0.0037,-0.0025,-0.0099,0
16231784,1.0000,0.0002,0.0032,0.0031,0.0012,-0.0151,0.0156,0
16231951,1.0000,0.0002,0.0032,0.0031,0.0039,-0.0109,0.0101,0
16232118,1.0000,0.0002,0.0032,0.0031,0.0005,0.0059,0.0117,0
16232284,1.0000,0.0002,0.0032,0.0031,0.0020,-0.0028,0.0119,0
16232451,1.0000,0.0002,0.0032,0.0031,-0.0022,-0.0006,0.0110,0
16232618,1.0000,0.0002,0.0032,0.0031,-0.0020,0.0088,0.0102,0
16232784,1.0000,0.0002,0.0032,0.0031,-0.0060,0.0008,0.0082,0
16232951,1.0000,0.0002,0.0032,0.0031,-0.0074,0.0037,-0.0093,0
16233118,1.0000,0.0001,0.0032,0.0032,-0.0051,0.0214,0.0190,0
16233284,1.0000,0.0002,0.0032,0.0032,0.0010,-0.0073,0.0037,0
16233451,1.0000,0.0002,0.0032,0.0032,-0.0173,0.0024,0.0187,0
16233618,1.0000,0.0002,0.0032,0.0032,-0.0097,-0.0002,0.0152,0
16233784,1.0000,0.0002,0.0032,0.0032,0.0023,-0.0011,-0.0095,0
16233951,1.0000,0.0002,0.0032,0.0032,0.0018,0.0128,0.0079,0
16234118,1.0000,0.0001,0.0032,0.0032,-0.0074,0.0168,0.0042,0
16234284,1.0000,0.0001,0.0032,0.0032,-0.0046,0.0065,0.0027,0
16234451,1.0000,0.0001,0.0032,0.0032,-0.0050,0.0066,0.0054,0
16234618,1.0000,0.0001,0.0032,0.0032,-0.0015,-0.0069,-0.0077,0
16234784,1.0000,0.0001,0.0032,0.0032,0.0050,0.0059,0.0274,0
16234951,1.0000,0.0001,0.0032,0.0033,-0.0007,0.0019,0.0049,0
16235118,1.0000,0.0001,0.0032,0.0033,0.0050,-0.0152,0.0149,0
16235284,1.0000,0.0001,0.0032,0.0033,-0.0067,0.0074,-0.0093,0
16235451,1.0000,0.0001,0.0032,0.0033,-0.0058,-0.0003,0.0351,0
16235618,1.0000,0.0001,0.0032,0.0033,-0.0105,0.0083,-0.0061,0
16235784,1.0000,0.0001,0.0032,0.0033,0.0017,0.0009,0.0118,0
16235951,1.0000,0.0001,0.0032,0.0033,-0.0066,0.0114,-0.0121,0
16236118,1.0000,0.0001,0.0032,0.0033,0.0006,-0.0081,0.0161,0
16236284,1.0000,0.0001,0.0032,0.0033,0.0023,-0.0109,-0.0062,0
16236451,1.0000,0.0001,0.0032,0.0033,-0.0021,0.0043,0.0115,0
16236618,1.0000,0.0001,0.0032,0.0033,-0.0109,-0.0102,-0.0196,0
16236784,1.0000,0.0001,0.0032,0.0033,-0.0016,-0.0052,0.0299,0
16236951,1.0000,0.0001,0.0032,0.0033,0.0131,0.0054,0.0322,0
16237118,1.0000,0.0001,0.0032,0.0033,0.0015,0.0113,0.0134,0
16237284,1.0000,0.0001,0.0032,0.0033,-0.0126,-0.0112,0.0214,0
16237451,1.0000,0.0001,0.0032,0.0033,0.0099,-0.0113,0.0042,0
16237618,1.0000,0.0001,0.0032,0.0033,-0.0034,-0.0027,0.0006,0
16237784,1.0000,0.0001,0.0032,0.0034,-0.0019,0.0049,0.0121,0
16237951,1.0000,0.0001,0.0032,0.0034,-0.0090,-0.0097,0.0131,0
16238118,1.0000,0.0001,0.0032,0.0034,-0.0098,-0.0064,0.0186,0
16238284,1.0000,0.0001,0.0032,0.0034,-0.0050,-0.0007,-0.0062,0
16238451,1.0000,0.0001,0.0032,0.0034,0.0011,0.0050,0.0119,0
16238618,1.0000,0.0001,0.0032,0.0034,-0.0090,-0.0140,0.0235,0
16238784,1.0000,0.0001,0.0032,0.0034,0.0131,0.0003,0.0316,0
16238951,1.0000,0.0001,0.0032,0.0034,-0.0015,0.0048,-0.0043,0
16239118,1.0000,0.0001,0.0032,0.0034,0.0004,0.0057,0.0181,0
16239284,1.0000,0.0001,0.0032,0.0034,-0.0030,-0.0220,0.0026,0
16239451,1.0000,0.0001,0.0032,0.0034,-0.0076,0.0010,0.0190,0
16239618,1.0000,0.0001,0.0032,0.0034,0.0031,-0.0157,0.0041,0
16239784,1.0000,0.0001,0.0032,0.0034,0.0043,-0.0064,-0.0054,0
16239951,1.0000,0.0001,0.0032,0.0034,-0.0084,0.0014,0.0105,0
16240118,1.0000,0.0001,0.0032,0.0034,-0.0225,0.0070,-0.0136,0
16240284,1.0000,0.0001,0.0032,0.0034,0.0060,0.0028,-0.0099,0
16240451,1.0000,0.0001,0.0032,0.0035,-0.0025,-0.0020,0.0020,0
16240618,1.0000,0.0001,0.0032,0.0035,0.0016,-0.0086,0.0049,0
16240784,1.0000,0.0001,0.0032,0.0035,-0.0076,-0.0036,0.0120,0
16240951,1.0000,0.0001,0.0032,0.0035,-0.0051,0.0029,0.0209,0
16241118,1.0000,0.0001,0.0032,0.0035,-0.0138,-0.0158,0.0007,0
16241284,1.0000,0.0001,0.0032,0.0035,-0.0041,-0.0066,-0.0034,0
16241451,1.0000,0.0001,0.0032,0.0035,0.0046,0.0000,0.0109,0
16241618,1.0000,0.0001,0.0032,0.0035,0.0030,0.0052,0.0138,0
16241784,1.0000,0.0001,0.0032,0.0035,0.0010,-0.0059,-0.0026,0
16241951,1.0000,0.0001,0.0032,0.0035,-0.0009,-0.0002,0.0092,0
16242118,1.0000,0.0001,0.0032,0.0035,-0.0061,-0.0045,0.0354,0
16242284,1.0000,0.0001,0.0032,0.0035,-0.0033,-0.0050,0.0136,0
16242451,1.0000,0.0001,0.0032,0.0035,-0.0023,0.0001,0.0168,0
16242618,1.0000,0.0001,0.0032,0.0035,-0.0006,-0.0044,0.0205,0
16242784,1.0000,0.0001,0.0032,0.0035,0.0080,-0.0133,-0.0053,0
16242951,1.0000,0.0001,0.0032,0.0035,0.0001,0.0058,0.0202,0
16243118,1.0000,0.0001,0.0032,0.0035,0.0001,-0.0124,-0.0153,0
16243284,1.0000,0.0001,0.0032,0.0036,-0.0062,-0.0029,0.0134,0
16243451,1.0000,0.0001,0.0032,0.0036,-0.0043,-0.0008,0.0003,0
16243618,1.0000,0.0001,0.0032,0.0036,0.0073,-0.0003,0.0203,0
16243785,1.0000,0.0001,0.0032,0.0036,0.0017,0.0109,-0.0103,0
16243951,1.0000,0.0001,0.0032,0.0036,0.0059,-0.0067,-0.0147,0
16244118,1.0000,0.0001,0.0032,0.0036,-0.0027,-0.0044,-0.0087,0
16244285,1.0000,0.0001,0.0032,0.0036,-0.0013,-0.0003,0.0200,0
16244451,1.0000,0.0001,0.0032,0.0036,0.0085,0.0038,0.0165,0
16244618,1.0000,0.0001,0.0032,0.0036,-0.0053,-0.0070,0.0100,0
16244785,1.0000,0.0001,0.0032,0.0036,0.0063,-0.0034,-0.0003,0
16244951,1.0000,0.0001,0.0032,0.0036,-0.0041,0.0066,0.0004,0
16245118,1.0000,0.0001,0.0032,0.0036,-0.0010,-0.0139,0.0124,0
16245285,1.0000,0.0001,0.0032,0.0037,0.0088,0.0296,0.0414,0
16245451,1.0000,0.0001,0.0032,0.0037,0.0055,0.0163,-0.0402,0
16245618,1.0000,0.0001,0.0032,0.0037,-0.0154,-0.0312,0.0620,0
16245785,1.0000,0.0001,0.0032,0.0037,-0.0160,-0.0044,-0.0169,0
16245951,1.0000,0.0001,0.0032,0.0037,0.0229,0.0024,-0.0032,0
16246118,1.0000,0.0001,0.0032,0.0037,0.0053,0.0101,0.0015,0
16246285,1.0000,0.0001,0.0032,0.0037,-0.0119,0.0025,0.0179,0
16246451,1.0000,0.0001,0.0032,0.0037,-0.0031,-0.0231,0.0107,0
16246618,1.0000,0.0001,0.0033,0.0037,0.0003,-0.0045,0.0190,0
16246785,1.0000,0.0001,0.0033,0.0037,-0.0139,0.0010,-0.0229,0
16246951,1.0000,0.0001,0.0033,0.0037,-0.0018,-0.0013,0.0250,0
16247118,1.0000,0.0001,0.0033,0.0037,-0.0131,-0.0025,0.0200,0
16247285,1.0000,0.0001,0.0033,0.0037,-0.0131,-0.0008,-0.0041,0
16247451,1.0000,0.0001,0.0033,0.0037,0.0178,0.0180,0.0322,0
16247618,1.0000,0.0001,0.0033,0.0037,0.0027,0.0099,-0.0242,0
16247785,1.0000,0.0000,0.0033,0.0037,0.0020,-0.0093,0.0122,0
16247951,1.0000,0.0000,0.0033,0.0037,-0.0017,-0.0061,0.0011,0
16248118,1.0000,0.0001,0.0033,0.0037,-0.0062,0.0041,-0.0035,0
16248285,1.0000,0.0001,0.0033,0.0037,0.0137,0.0122,-0.0084,0
16248451,1.0000,0.0001,0.0033,0.0037,-0.0023,0.0067,0.0293,0
16248618,1.0000,0.0000,0.0033,0.0037,-0.0191,-0.0122,-0.0034,0
16248785,1.0000,0.0001,0.0033,0.0037,0.0054,0.0069,0.0273,0
16248951,1.0000,0.0001,0.0033,0.0037,0.0073,0.0146,0.0054,0
16249118,1.0000,0.0001,0.0033,0.0038,0.0017,0.0064,0.0129,0
16249285,1.0000,0.0001,0.0033,0.0038,-0.0017,-0.0126,0.0117,0
16249451,1.0000,0.0001,0.0033,0.0038,-0.0025,-0.0164,0.0036,0
16249618,1.0000,0.0001,0.0033,0.0038,0.0085,-0.0002,-0.0039,0
16249785,1.0000,0.0001,0.0033,0.0038,-0.0004,0.0006,0.0074,0
16249951,1.0000,0.0001,0.0033,0.0038,0.0017,0.0054,-0.0028,0
16250118,1.0000,0.0001,0.0033,0.0038,-0.0078,-0.0093,0.0081,0
16250285,1.0000,0.0001,0.0033,0.0038,-0.0070,0.0195,-0.0307,0
16250451,1.0000,0.0001,0.0033,0.0038,0.0189,0.0029,0.0574,0
16250618,1.0000,0.0001,0.0033,0.0038,-0.0121,0.0092,-0.0251,0
16250785,1.0000,0.0001,0.0033,0.0038,-0.0135,-0.0183,0.0442,0
16250951,1.0000,0.0001,0.0033,0.0038,-0.0037,-0.0041,0.0012,0
16251118,1.0000,0.0001,0.0033,0.0038,0.0060,0.0055,0.0009,0
16251285,1.0000,0.0001,0.0033,0.0038,0.0220,0.0015,0.0078,0
16251451,1.0000,0.0001,0.0033,0.0038,0.0006,-0.0073,0.0070,0
16251618,1.0000,0.0001,0.0033,0.0038,-0.0134,-0.0143,-0.0050,0
16251785,1.0000,0.0001,0.0033,0.0038,-0.0035,0.0112,0.0111,0
16251951,1.0000,0.0001,0.0033,0.0038,0.0176,0.0056,0.0029,0
16252118,1.0000,0.0001,0.0033,0.0038,0.0141,0.0216,0.0203,0
16252285,1.0000,0.0001,0.0033,0.0038,-0.0087,-0.0031,0.0125,0
16252451,1.0000,0.0001,0.0033,0.0039,-0.0103,0.0072,0.0352,0
16252618,1.0000,0.0001,0.0033,0.0039,-0.0009,0.0161,0.0169,0
16252785,1.0000,0.0001,0.0033,0.0038,-0.0124,-0.0001,-0.0120,0
16252951,1.0000,0.0001,0.0033,0.0038,0.0165,-0.0147,0.0287,0
16253118,1.0000,0.0001,0.0033,0.0038,-0.0038,-0.0150,0.0264,0
16253285,1.0000,0.0001,0.0033,0.0038,0.0164,0.0096,0.0043,0
16253451,1.0000,0.0001,0.0033,0.0038,0.0202,0.0133,-0.0098,0
16253618,1.0000,0.0001,0.0033,0.0039,0.0016,-0.0149,0.0516,0
16253785,1.0000,0.0001,0.0033,0.0038,-0.0277,-0.0232,0.0156,0
16253951,1.0000,0.0001,0.0033,0.0039,-0.0056,0.0022,0.0316,0
16254118,1.0000,0.0001,0.0033,0.0038,0.0134,0.0089,0.0086,0
16254285,1.0000,0.0001,0.0033,0.0038,0.0238,0.0096,0.0389,0
16254451,1.0000,0.0001,0.0033,0.0039,-0.0230,-0.0107,0.0131,0
16254618,1.0000,0.0001,0.0033,0.0039,-0.0157,-0.0109,0.0354,0
16254785,1.0000,0.0001,0.0033,0.0039,-0.0018,0.0161,0.0016,0
16254951,1.0000,0.0001,0.0033,0.0039,0.0199,-0.0021,0.0114,0
16255118,1.0000,0.0001,0.0033,0.0039,-0.0009,-0.0125,0.0061,0
16255285,1.0000,0.0001,0.0033,0.0039,-0.0148,-0.0119,0.0066,0
16255451,1.0000,0.0001,0.0033,0.0039,-0.0027,0.0048,-0.0045,0
16255618,1.0000,0.0001,0.0033,0.0039,0.0200,0.0029,-0.0003,0
16255785,1.0000,0.0001,0.0033,0.0039,-0.0102,-0.0136,0.0127,0
16255951,1.0000,0.0001,0.0033,0.0039,-0.0119,-0.0434,0.0023,0
16256118,1.0000,0.0001,0.0033,0.0039,-0.0200,-0.0123,0.0111,0
16256285,1.0000,0.0001,0.0033,0.0039,0.0178,-0.0061,0.0020,0
16256451,1.0000,0.0001,0.0033,0.0039,0.0109,-0.0050,0.0399,0
16256618,1.0000,0.0001,0.0033,0.0039,-0.0119,0.0004,-0.0406,0
16256785,1.0000,0.0001,0.0033,0.0039,-0.0238,-0.0137,0.0369,0
16256951,1.0000,0.0001,0.0033,0.0039,-0.0143,0.0081,0.0049,0
16257118,1.0000,0.0001,0.0033,0.0040,0.0216,0.0218,0.0211,0
16257285,1.0000,0.0001,0.0033,0.0040,0.0131,-0.0042,-0.0132,0
16257451,1.0000,0.0001,0.0033,0.0040,-0.0121,-0.0094,0.0067,0
16257618,1.0000,0.0001,0.0033,0.0040,-0.0206,0.0097,0.0116,0
16257785,1.0000,0.0001,0.0033,0.0040,0.0135,0.0065,0.0184,0
16257951,1.0000,0.0001,0.0033,0.0040,0.0153,0.0134,-0.0214,0
16258118,1.0000,0.0001,0.0033,0.0040,-0.0089,-0.0171,0.0380,0
16258285,1.0000,0.0001,0.0033,0.0040,-0.0235,-0.0152,0.0245,0
16258451,1.0000,0.0001,0.0033,0.0040,-0.0054,0.0028,0.0103,0
16258618,1.0000,0.0001,0.0033,0.0040,0.0009,0.0026,-0.0088,0
16258785,1.0000,0.0001,0.0033,0.0040,0.0029,-0.0102,0.0006,0
16258951,1.0000,0.0001,0.0033,0.0040,-0.0253,-0.0016,0.0050,0
16259118,1.0000,0.0001,0.0033,0.0040,-0.0095,0.0068,0.0074,0
16259285,1.0000,0.0001,0.0033,0.0040,0.0179,0.0148,0.0258,0
16259451,1.0000,0.0001,0.0033,0.0041,0.0049,-0.0087,0.0194,0
16259618,1.0000,0.0001,0.0033,0.0041,-0.0127,-0.0187,-0.0009,0
16259785,1.0000,0.0001,0.0033,0.0041,-0.0137,-0.0094,0.0460,0
16259951,1.0000,0.0001,0.0033,0.0041,-0.0029,0.0076,0.0098,0
16260118,1.0000,0.0001,0.0033,0.0041,0.0089,0.0060,-0.0082,0
16260285,1.0000,0.0001,0.0033,0.0041,0.0036,-0.0126,0.0149,0
16260452,1.0000,0.0001,0.0033,0.0041,-0.0062,-0.0081,0.0115,0
16260618,1.0000,0.0001,0.0033,0.0041,-0.0112,0.0116,-0.0060,0
16260785,1.0000,0.0001,0.0033,0.0041,0.0184,0.0085,0.0092,0
16260952,1.0000,0.0001,0.0033,0.0041,0.0103,0.0037,-0.0053,0
16261118,1.0000,0.0001,0.0033,0.0041,0.0037,-0.0116,0.0095,0
16261285,1.0000,0.0001,0.0033,0.0041,-0.0153,0.0061,0.0030,0
16261452,1.0000,0.0001,0.0033,0.0041,-0.0026,0.0000,-0.0051,0
16261618,1.0000,0.0001,0.0033,0.0041,-0.0012,-0.0069,0.0040,0
16261785,1.0000,0.0001,0.0033,0.0041,0.0037,-0.0049,-0.0063,0
16261952,1.0000,0.0001,0.0033,0.0041,-0.0059,-0.0085,0.0072,0
16262118,1.0000,0.0002,0.0033,0.0041,0.0043,-0.0115,0.0070,0
16262285,1.0000,0.0002,0.0033,0.0041,-0.0028,0.0036,0.0202,0
16262452,1.0000,0.0002,0.0033,0.0041,0.0074,-0.0094,0.0108,0
16262618,1.0000,0.0002,0.0033,0.0041,-0.0072,-0.0007,0.0147,0
16262785,1.0000,0.0002,0.0033,0.0041,-0.0018,0.0040,0.0336,0
16262952,1.0000,0.0002,0.0033,0.0041,0.0113,-0.0057,0.0073,0
16263118,1.0000,0.0002,0.0033,0.0041,0.0008,-0.0142,0.0079,0
16263285,1.0000,0.0002,0.0033,0.0041,0.0137,0.0083,0.0178,0
16263452,1.0000,0.0002,0.0033,0.0041,-0.0045,0.0003,-0.0007,0
16263618,1.0000,0.0002,0.0033,0.0042,0.0062,-0.0084,0.0122,0
16263785,1.0000,0.0002,0.0033,0.0042,0.0116,-0.0152,0.0026,0
16263952,1.0000,0.0002,0.0033,0.0042,0.0080,-0.0003,0.0154,0
16264118,1.0000,0.0002,0.0033,0.0042,-0.0016,-0.0020,0.0040,0
16264285,1.0000,0.0002,0.0033,0.0042,-0.0250,-0.0042,-0.0003,0
16264452,1.0000,0.0002,0.0033,0.0042,0.0052,-0.0046,0.0218,0
16264618,1.0000,0.0002,0.0033,0.0042,-0.0018,-0.0054,0.0146,0
16264785,1.0000,0.0002,0.0033,0.0042,0.0016,-0.0004,0.0313,0
16264952,1.0000,0.0002,0.0033,0.0042,-0.0120,-0.0076,-0.0027,0
16265118,1.0000,0.0002,0.0033,0.0042,-0.0029,-0.0015,0.0208,0
16265285,1.0000,0.0002,0.0033,0.0042,-0.0017,-0.0082,0.0140,0
16265452,1.0000,0.0002,0.0033,0.0042,-0.0120,-0.0037,0.0116,0
16265618,1.0000,0.0002,0.0033,0.0042,0.0105,-0.0077,-0.0068,0
16265785,1.0000,0.0002,0.0033,0.0042,0.0013,-0.0003,-0.0021,0
16265952,1.0000,0.0002,0.0033,0.0042,0.0072,-0.0102,0.0160,0
16266118,1.0000,0.0002,0.0033,0.0042,0.0029,-0.0062,-0.0139,0
16266285,1.0000,0.0002,0.0033,0.0042,0.0016,0.0018,0.0433,0
16266452,1.0000,0.0002,0.0033,0.0042,-0.0112,0.0105,-0.0065,0
16266618,1.0000,0.0002,0.0033,0.0042,0.0039,0.0103,0.0046,0
16266785,1.0000,0.0002,0.0033,0.0042,-0.0057,0.0033,0.0027,0
16266952,1.0000,0.0002,0.0033,0.0042,0.0110,-0.0066,0.0032,0
16267118,1.0000,0.0002,0.0033,0.0042,0.0020,-0.0016,0.0051,0
16267285,1.0000,0.0002,0.0033,0.0042,-0.0116,-0.0085,0.0133,0
16267452,1.0000,0.0002,0.0033,0.0042,-0.0050,0.0054,0.0127,0
16267618,1.0000,0.0002,0.0034,0.0042,-0.0050,-0.0177,0.0071,0
16267785,1.0000,0.0002,0.0034,0.0042,0.0058,0.0023,0.0171,0
16267952,1.0000,0.0002,0.0034,0.0042,0.0109,-0.0075,-0.0170,0
16268118,1.0000,0.0002,0.0034,0.0042,0.0010,-0.0080,0.0150,0
16268285,1.0000,0.0002,0.0034,0.0042,0.0035,-0.0024,0.0203,0
16268452,1.0000,0.0002,0.0034,0.0042,0.0012,-0.0014,0.0207,0
16268618,1.0000,0.0002,0.0034,0.0043,-0.0033,-0.0067,0.0020,0
16268785,1.0000,0.0002,0.0034,0.0043,-0.0037,-0.0078,0.0011,0
16268952,1.0000,0.0002,0.0034,0.0043,-0.0008,-0.0047,0.0090,0
16269118,1.0000,0.0002,0.0034,0.0043,0.0078,-0.0069,0.0248,0
16269285,1.0000,0.0002,0.0034,0.0043,0.0023,-0.0067,0.0076,0
16269452,1.0000,0.0002,0.0034,0.0043,-0.0063,0.0131,0.0140,0
16269618,1.0000,0.0002,0.0034,0.0043,0.0092,-0.0008,0.0102,0
16269785,1.0000,0.0002,0.0034,0.0043,0.0184,-0.0026,-0.0012,0
16269952,1.0000,0.0002,0.0034,0.0043,0.0027,0.0027,-0.0091,0
16270118,1.0000,0.0002,0.0034,0.0043,-0.0050,-0.0100,0.0120,0
16270285,1.0000,0.0002,0.0034,0.0043,0.0072,0.0103,0.0110,0
16270452,1.0000,0.0002,0.0034,0.0043,-0.0006,-0.0106,0.0122,0
16270618,1.0000,0.0002,0.0034,0.0043,-0.0092,-0.0010,0.0020,0
16270785,1.0000,0.0002,0.0034,0.0043,0.0027,-0.0136,0.0233,0
16270952,1.0000,0.0002,0.0034,0.0043,-0.0037,-0.0067,-0.0020,0
16271118,1.0000,0.0002,0.0034,0.0043,0.0053,-0.0083,0.0299,0
16271285,1.0000,0.0002,0.0034,0.0043,-0.0042,-0.0096,0.0024,0
16271452,1.0000,0.0002,0.0034,0.0043,-0.0128,0.0019,0.0131,0
16271618,1.0000,0.0002,0.0034,0.0043,0.0056,0.0080,0.0053,0
16271785,1.0000,0.0002,0.0034,0.0043,-0.0153,-0.0042,0.0107,0
16271952,1.0000,0.0002,0.0034,0.0043,-0.0009,0.0042,0.0054,0
16272118,1.0000,0.0002,0.0034,0.0043,-0.0041,-0.0141,0.0244,0
16272285,1.0000,0.0002,0.0034,0.0043,-0.0028,-0.0052,0.0067,0
16272452,1.0000,0.0002,0.0034,0.0043,-0.0061,-0.0043,-0.0010,0
16272618,1.0000,0.0002,0.0034,0.0043,0.0036,-0.0006,-0.0091,0
16272785,1.0000,0.0002,0.0034,0.0043,0.0036,-0.0124,0.0088,0
16272952,1.0000,0.0002,0.0034,0.0043,-0.0034,-0.0041,0.0074,0
16273118,1.0000,0.0002,0.0034,0.0043,-0.0189,0.0037,0.0152,0
16273285,1.0000,0.0002,0.0034,0.0043,-0.0016,-0.0048,0.0056,0
16273452,1.0000,0.0002,0.0034,0.0043,-0.0057,0.0051,0.0023,0
16273618,1.0000,0.0002,0.0034,0.0043,0.0035,-0.0027,0.0389,0
16273785,1.0000,0.0002,0.0034,0.0043,-0.0121,-0.0006,0.0158,0
16273952,1.0000,0.0002,0.0034,0.0043,-0.0008,-0.0066,-0.0171,0
16274118,1.0000,0.0001,0.0033,0.0043,-0.0109,-0.0003,0.0324,0
16274285,1.0000,0.0001,0.0033,0.0043,-0.0054,0.0093,0.0069,0
16274452,1.0000,0.0001,0.0033,0.0043,0.0054,-0.0147,0.0054,0
16274618,1.0000,0.0001,0.0033,0.0043,-0.0141,0.0076,0.0025,0
16274785,1.0000,0.0001,0.0033,0.0043,-0.0068,-0.0067,0.0336,0
16274952,1.0000,0.0001,0.0033,0.0043,-0.0081,-0.0043,0.0069,0
16275118,1.0000,0.0001,0.0033,0.0043,-0.0023,-0.0188,0.0237,0
16275285,1.0000,0.0001,0.0033,0.0043,0.0099,-0.0064,0.0028,0
16275452,1.0000,0.0001,0.0033,0.0043,0.0043,0.0040,0.0260,0
16275618,1.0000,0.0001,0.0033,0.0043,-0.0010,-0.0012,0.0171,0
16275785,1.0000,0.0001,0.0033,0.0043,-0.0114,0.0051,-0.0024,0
16275952,1.0000,0.0001,0.0033,0.0043,-0.0004,-0.0030,0.0001,0
